"consulta","texto","metodo","ms","top5","P_at_3","nDCG_grad","R","note","qrels_id"
"q_local","localizacao porto santos guarujá cubatão","AND",0,"","0","0",3,"ranking vazio","q15"
"q_local","localizacao porto santos guarujá cubatão","OR",10,"d1.30:1.0000;d1.1:1.0000;d1.2:1.0000;d1.4:1.0000;d1.5:1.0000","0.333","0.631",3,"","q15"
"q_local","localizacao porto santos guarujá cubatão","TFIDF",80,"d1.1:11.1756;d1.61:10.3214;d1.66:7.6970;d1.52:5.8432;d1.13:5.4161","0.667","1",3,"","q15"
"q_local","localizacao porto santos guarujá cubatão","cosseno",50,"d1.1:0.4134;d1.61:0.2286;d1.30:0.1624;d1.52:0.1394;d1.82:0.1211","0.667","0.97",3,"","q15"
"q_local","localizacao porto santos guarujá cubatão","BM25",90,"d1.1:11.1195;d1.61:8.0172;d1.82:5.6959;d1.52:5.2494;d1.30:3.8176","0.667","1",3,"","q15"
"q_aps","quem administra porto santos autoridade","AND",20,"","","",0,"R=0 (limiar>=2)","q02"
"q_aps","quem administra porto santos autoridade","OR",0,"d1.13:1.0000;d1.17:1.0000;d1.24:1.0000;d1.31:1.0000;d1.35:1.0000","","",0,"R=0 (limiar>=2)","q02"
"q_aps","quem administra porto santos autoridade","TFIDF",130,"d1.66:9.9361;d1.13:7.6552;d2.16:6.1640;d1.36:5.2679;d2.9:5.2679","","",0,"R=0 (limiar>=2)","q02"
"q_aps","quem administra porto santos autoridade","cosseno",40,"d1.36:0.2491;d2.9:0.2491;d2.4:0.1955;d1.35:0.1825;d2.8:0.1825","","",0,"R=0 (limiar>=2)","q02"
"q_aps","quem administra porto santos autoridade","BM25",60,"d1.36:5.6687;d2.9:5.6687;d2.4:4.9734;d2.16:4.8443;d1.13:4.0972","","",0,"R=0 (limiar>=2)","q02"
"q_fundador","francisco de paula ribeiro porto","AND",0,"","0","0",1,"ranking vazio","q04"
"q_fundador","francisco de paula ribeiro porto","OR",0,"d1.17:1.0000;d3.1:1.0000;d3.4:1.0000;d1.1:1.0000;d1.4:1.0000","0.333","0.631",1,"","q04"
"q_fundador","francisco de paula ribeiro porto","TFIDF",40,"d3.1:11.6013;d1.17:9.3622;d3.5:9.0745;d3.4:7.1231;d1.1:4.2338","0.333","1",1,"","q04"
"q_fundador","francisco de paula ribeiro porto","cosseno",30,"d3.1:0.4392;d1.17:0.4084;d3.4:0.2589;d3.5:0.2174;d1.1:0.1271","0.333","1",1,"","q04"
"q_fundador","francisco de paula ribeiro porto","BM25",70,"d3.1:10.9356;d1.17:9.6252;d3.4:6.9369;d3.5:6.2312;d1.1:4.1277","0.333","1",1,"","q04"
