consulta,documento,grau,juiz,timestamp,segundos
"q01","d1.46","0","victoria","2026-09-18T13:10:28.566Z","11"
"q01","d1.60","0","victoria","2026-09-18T13:11:00.419Z","25"
"q01","d1.76","2","victoria","2026-09-18T13:14:20.431Z","5"
"q01","d3.1","0","victoria","2026-09-18T13:13:28.612Z","5"
"q02","d1.31","0","victoria","2026-09-18T13:14:50.761Z","5"
"q03","d1.10","0","victoria","2026-09-18T13:12:50.039Z","3"
"q03","d1.34","2","victoria","2026-09-18T13:11:35.857Z","5"
"q03","d1.35","2","victoria","2026-09-18T13:10:11.645Z","8"
"q03","d1.37","2","victoria","2026-09-18T13:12:30.157Z","9"
"q03","d1.43","0","victoria","2026-09-18T13:15:02.498Z","3"
"q03","d1.9","0","victoria","2026-09-18T13:12:34.012Z","4"
"q04","d1.23","0","victoria","2026-09-18T13:09:24.358Z","24"
"q04","d1.27","0","victoria","2026-09-18T13:11:50.960Z","6"
"q04","d1.86","0","victoria","2026-09-18T13:11:11.166Z","2"
"q04","d2.8","0","victoria","2026-09-18T13:10:17.091Z","5"
"q04","d3.1","2","victoria","2026-09-18T13:14:52.899Z","2"
"q05","d1.47","2","victoria","2026-09-18T13:15:43.854Z","4"
"q05","d1.48","2","victoria","2026-09-18T13:13:34.784Z","6"
"q05","d1.88","0","victoria","2026-09-18T13:15:22.666Z","5"
"q06","d1.28","0","victoria","2026-09-18T13:14:15.405Z","21"
"q06","d1.70","2","victoria","2026-09-18T13:13:42.696Z","8"
"q06","d1.72","2","victoria","2026-09-18T13:15:39.781Z","5"
"q07","d1.57","0","victoria","2026-09-18T13:08:35.711Z","21"
"q07","d1.65","2","victoria","2026-09-18T13:15:17.813Z","10"
"q07","d1.87","0","victoria","2026-09-18T13:11:08.863Z","8"
"q08","d1.12","0","victoria","2026-09-18T13:15:53.791Z","5"
"q08","d1.26","0","victoria","2026-09-18T13:15:48.495Z","5"
"q08","d1.46","0","victoria","2026-09-18T13:13:11.932Z","7"
"q08","d1.47","0","victoria","2026-09-18T13:11:59.429Z","5"
"q08","d1.60","0","victoria","2026-09-18T13:14:56.303Z","3"
"q09","d1.59","0","victoria","2026-09-18T13:11:15.929Z","5"
"q09","d1.6","2","victoria","2026-09-18T13:09:55.693Z","17"
"q09","d1.69","0","victoria","2026-09-18T13:08:14.816Z","25"
"q09","d2.16","0","victoria","2026-09-18T13:12:05.849Z","6"
"q09","d2.17","0","victoria","2026-09-18T13:14:26.791Z","6"
"q10","d1.21","0","victoria","2026-09-18T13:10:03.838Z","8"
"q10","d1.74","0","victoria","2026-09-18T13:07:33.866Z","18"
"q10","d1.85","2","victoria","2026-09-18T13:13:02.160Z","5"
"q10","d2.24","1","victoria","2026-09-18T13:12:46.874Z","13"
"q10","d2.7","2","victoria","2026-09-18T13:15:07.688Z","5"
"q11","d1.2","0","victoria","2026-09-18T13:09:38.900Z","15"
"q11","d1.88","2","victoria","2026-09-18T13:14:45.705Z","4"
"q11","d2.29","0","victoria","2026-09-18T13:13:23.993Z","12"
"q12","d1.30","0","victoria","2026-09-18T13:13:54.706Z","12"
"q12","d1.86","0","victoria","2026-09-18T13:09:00.613Z","13"
"q12","d2.3","0","victoria","2026-09-18T13:08:47.209Z","11"
"q13","d1.15","2","victoria","2026-09-18T13:15:25.006Z","2"
"q13","d1.27","0","victoria","2026-09-18T13:13:05.332Z","3"
"q13","d1.40","0","victoria","2026-09-18T13:12:20.684Z","15"
"q13","d1.61","0","victoria","2026-09-18T13:15:28.854Z","4"
"q13","d1.63","0","victoria","2026-09-18T13:10:34.994Z","6"
"q13","d1.66","0","victoria","2026-09-18T13:14:37.148Z","10"
"q13","d2.21","2","victoria","2026-09-18T13:12:57.427Z","7"
"q14","d1.54","1","victoria","2026-09-18T13:11:44.481Z","9"
"q14","d1.58","1","victoria","2026-09-18T13:14:41.986Z","5"
"q14","d2.9","0","victoria","2026-09-18T13:07:49.383Z","16"
"q15","d1.1","2","victoria","2026-09-18T13:11:54.688Z","4"
"q15","d1.61","2","victoria","2026-09-18T13:14:59.971Z","4"
"q15","d1.83","2","victoria","2026-09-18T13:15:34.959Z","6"
"q15","d2.13","0","victoria","2026-09-18T13:11:30.830Z","15"
