"id","titulo","texto","data","fonte","url"
"d1.1","Porto de Santos (d1.1)","Porto de Santos é um porto estuarino, localizado","","Wikipedia PT | Porto de Santos","https://pt.wikipedia.org/wiki/Porto_de_Santos"
"d1.2","Porto de Santos (d1.2)","nos municípios de Santos, Guarujá e Cubatão, no","","Wikipedia PT | Porto de Santos","https://pt.wikipedia.org/wiki/Porto_de_Santos"
"d1.3","Porto de Santos (d1.3)","estado de São Paulo. É o principal porto","","Wikipedia PT | Porto de Santos","https://pt.wikipedia.org/wiki/Porto_de_Santos"
"d1.4","Porto de Santos (d1.4)","brasileiro, o maior complexo portuário da América Latina","","Wikipedia PT | Porto de Santos","https://pt.wikipedia.org/wiki/Porto_de_Santos"
"d1.5","Porto de Santos (d1.5)","e um dos maiores do mundo. Possui uma","","Wikipedia PT | Porto de Santos","https://pt.wikipedia.org/wiki/Porto_de_Santos"
"d1.6","Porto de Santos (d1.6)","grande variedade de terminais de carga para diversos","","Wikipedia PT | Porto de Santos","https://pt.wikipedia.org/wiki/Porto_de_Santos"
"d1.7","Porto de Santos (d1.7)","produtos, que realizam a movimentação de granéis sólidos","","Wikipedia PT | Porto de Santos","https://pt.wikipedia.org/wiki/Porto_de_Santos"
"d1.8","Porto de Santos (d1.8)","(principalmente de origem vegetal), líquidos, contêineres, carga geral","","Wikipedia PT | Porto de Santos","https://pt.wikipedia.org/wiki/Porto_de_Santos"
"d1.9","Porto de Santos (d1.9)","e passageiros. A área de influência econômica do","","Wikipedia PT | Porto de Santos","https://pt.wikipedia.org/wiki/Porto_de_Santos"
"d1.10","Porto de Santos (d1.10)","porto concentra aproximadamente 67% do produto interno bruto","","Wikipedia PT | Porto de Santos","https://pt.wikipedia.org/wiki/Porto_de_Santos"
"d1.11","Porto de Santos (d1.11)","(PIB) do país e abrange principalmente os estados","","Wikipedia PT | Porto de Santos","https://pt.wikipedia.org/wiki/Porto_de_Santos"
"d1.12","Porto de Santos (d1.12)","de São Paulo, Minas Gerais, Goiás, Mato Grosso","","Wikipedia PT | Porto de Santos","https://pt.wikipedia.org/wiki/Porto_de_Santos"
"d1.13","Porto de Santos (d1.13)","e Mato Grosso do Sul. Aproximadamente 60% do","","Wikipedia PT | Porto de Santos","https://pt.wikipedia.org/wiki/Porto_de_Santos"
"d1.14","Porto de Santos (d1.14)","comércio internacional do estado de São Paulo (em","","Wikipedia PT | Porto de Santos","https://pt.wikipedia.org/wiki/Porto_de_Santos"
"d1.15","Porto de Santos (d1.15)","valores) são embarcados ou desembarcados através do Porto","","Wikipedia PT | Porto de Santos","https://pt.wikipedia.org/wiki/Porto_de_Santos"
"d1.16","Porto de Santos (d1.16)","de Santos. O Complexo Portuário de Santos responde","","Wikipedia PT | Porto de Santos","https://pt.wikipedia.org/wiki/Porto_de_Santos"
"d1.17","Porto de Santos (d1.17)","historicamente por mais de 25%, ou um quarto,","","Wikipedia PT | Porto de Santos","https://pt.wikipedia.org/wiki/Porto_de_Santos"
"d1.18","Porto de Santos (d1.18)","da movimentação da balança comercial brasileira, e é","","Wikipedia PT | Porto de Santos","https://pt.wikipedia.org/wiki/Porto_de_Santos"
"d1.19","Porto de Santos (d1.19)","o maior porto exportador de açúcar, suco de","","Wikipedia PT | Porto de Santos","https://pt.wikipedia.org/wiki/Porto_de_Santos"
"d1.20","Porto de Santos (d1.20)","laranja e café em grãos do mundo. Outras","","Wikipedia PT | Porto de Santos","https://pt.wikipedia.org/wiki/Porto_de_Santos"
"d1.21","Porto de Santos (d1.21)","cargas de importância são a soja, cargas conteinerizadas,","","Wikipedia PT | Porto de Santos","https://pt.wikipedia.org/wiki/Porto_de_Santos"
"d1.22","Porto de Santos (d1.22)","milho, trigo, sal, papel, automóveis, álcool e outros","","Wikipedia PT | Porto de Santos","https://pt.wikipedia.org/wiki/Porto_de_Santos"
"d1.23","Porto de Santos (d1.23)","granéis líquidos. Em 2016, foi considerado o 39.º","","Wikipedia PT | Porto de Santos","https://pt.wikipedia.org/wiki/Porto_de_Santos"
"d1.24","Porto de Santos (d1.24)","maior porto do mundo por movimentação de contêineres,","","Wikipedia PT | Porto de Santos","https://pt.wikipedia.org/wiki/Porto_de_Santos"
"d1.25","Porto de Santos (d1.25)","e 35.º por tonelagem, segundo ranking da Associação","","Wikipedia PT | Porto de Santos","https://pt.wikipedia.org/wiki/Porto_de_Santos"
"d1.26","Porto de Santos (d1.26)","Americana de Autoridades Portuárias (AAPA), sendo o mais","","Wikipedia PT | Porto de Santos","https://pt.wikipedia.org/wiki/Porto_de_Santos"
"d1.27","Porto de Santos (d1.27)","movimentado da América Latina. As operações de carga","","Wikipedia PT | Porto de Santos","https://pt.wikipedia.org/wiki/Porto_de_Santos"
"d1.28","Porto de Santos (d1.28)","na região de Santos e São Vicente remontam","","Wikipedia PT | Porto de Santos","https://pt.wikipedia.org/wiki/Porto_de_Santos"
"d1.29","Porto de Santos (d1.29)","ao princípio do Século XVI, ocorrendo de forma","","Wikipedia PT | Porto de Santos","https://pt.wikipedia.org/wiki/Porto_de_Santos"
"d1.30","Porto de Santos (d1.30)","primitiva com a utilização de trapiches, por meio","","Wikipedia PT | Porto de Santos","https://pt.wikipedia.org/wiki/Porto_de_Santos"
"d1.31","Porto de Santos (d1.31)","dos quais a mão de obra humana ou","","Wikipedia PT | Porto de Santos","https://pt.wikipedia.org/wiki/Porto_de_Santos"
"d1.32","Porto de Santos (d1.32)","animal transportava as mercadorias aos navios ou a","","Wikipedia PT | Porto de Santos","https://pt.wikipedia.org/wiki/Porto_de_Santos"
"d1.33","Porto de Santos (d1.33)","barcos intermediários. A movimentação de cargas neste período","","Wikipedia PT | Porto de Santos","https://pt.wikipedia.org/wiki/Porto_de_Santos"
"d1.34","Porto de Santos (d1.34)","era explorada de forma independente por diversos agentes.","","Wikipedia PT | Porto de Santos","https://pt.wikipedia.org/wiki/Porto_de_Santos"
"d1.35","Porto de Santos (d1.35)","A partir de 1870, a Coroa passou a","","Wikipedia PT | Porto de Santos","https://pt.wikipedia.org/wiki/Porto_de_Santos"
"d1.36","Porto de Santos (d1.36)","buscar alternativas de expansão do setor portuário para","","Wikipedia PT | Porto de Santos","https://pt.wikipedia.org/wiki/Porto_de_Santos"
"d1.37","Porto de Santos (d1.37)","a crescente oferta de exportação da produção cafeeira.","","Wikipedia PT | Porto de Santos","https://pt.wikipedia.org/wiki/Porto_de_Santos"
"d1.38","Porto de Santos (d1.38)","Em 1886, foi iniciado o processo de concessão","","Wikipedia PT | Porto de Santos","https://pt.wikipedia.org/wiki/Porto_de_Santos"
"d1.39","Porto de Santos (d1.39)","do Porto de Santos, que envolvia os direitos","","Wikipedia PT | Porto de Santos","https://pt.wikipedia.org/wiki/Porto_de_Santos"
"d1.40","Porto de Santos (d1.40)","de exploração da movimentação portuária por 90 anos,","","Wikipedia PT | Porto de Santos","https://pt.wikipedia.org/wiki/Porto_de_Santos"
"d1.41","Porto de Santos (d1.41)","com a contrapartida de realização de obras de","","Wikipedia PT | Porto de Santos","https://pt.wikipedia.org/wiki/Porto_de_Santos"
"d1.42","Porto de Santos (d1.42)","investimento em infraestrutura, operação e saneamento. Os vencedores","","Wikipedia PT | Porto de Santos","https://pt.wikipedia.org/wiki/Porto_de_Santos"
"d1.43","Porto de Santos (d1.43)","da concessão foram o grupo liderado por Eduardo","","Wikipedia PT | Porto de Santos","https://pt.wikipedia.org/wiki/Porto_de_Santos"
"d1.44","Porto de Santos (d1.44)","Guinle e Cândido Gaffrée, então comerciantes no Rio","","Wikipedia PT | Porto de Santos","https://pt.wikipedia.org/wiki/Porto_de_Santos"
"d1.45","Porto de Santos (d1.45)","de Janeiro, que para tanto administraram o Porto","","Wikipedia PT | Porto de Santos","https://pt.wikipedia.org/wiki/Porto_de_Santos"
"d1.46","Porto de Santos (d1.46)","de Santos com a Gaffrée, Guinle e Cia.,","","Wikipedia PT | Porto de Santos","https://pt.wikipedia.org/wiki/Porto_de_Santos"
"d1.47","Porto de Santos (d1.47)","depois renomeada Empresa de Melhoramentos do Porto de","","Wikipedia PT | Porto de Santos","https://pt.wikipedia.org/wiki/Porto_de_Santos"
"d1.48","Porto de Santos (d1.48)","Santos e finalmente com o nome ficou amplamente","","Wikipedia PT | Porto de Santos","https://pt.wikipedia.org/wiki/Porto_de_Santos"
"d1.49","Porto de Santos (d1.49)","conhecida, Companhia Docas de Santos (CDS). O porto","","Wikipedia PT | Porto de Santos","https://pt.wikipedia.org/wiki/Porto_de_Santos"
"d1.50","Porto de Santos (d1.50)","foi explorado, desenvolvido e ampliado pela CDS, sob","","Wikipedia PT | Porto de Santos","https://pt.wikipedia.org/wiki/Porto_de_Santos"
"d1.51","Porto de Santos (d1.51)","a gestão da então concessionária Companhia Docas de","","Wikipedia PT | Porto de Santos","https://pt.wikipedia.org/wiki/Porto_de_Santos"
"d1.52","Porto de Santos (d1.52)","Santos, entre 7 de novembro de 1890 e","","Wikipedia PT | Porto de Santos","https://pt.wikipedia.org/wiki/Porto_de_Santos"
"d1.53","Porto de Santos (d1.53)","8 de novembro de 1980. Em 2 de","","Wikipedia PT | Porto de Santos","https://pt.wikipedia.org/wiki/Porto_de_Santos"
"d1.54","Porto de Santos (d1.54)","fevereiro de 1892, o porto abriu suas portas","","Wikipedia PT | Porto de Santos","https://pt.wikipedia.org/wiki/Porto_de_Santos"
"d1.55","Porto de Santos (d1.55)","ao comércio exterior como ""porto organizado"", com limites","","Wikipedia PT | Porto de Santos","https://pt.wikipedia.org/wiki/Porto_de_Santos"
"d1.56","Porto de Santos (d1.56)","legalmente determinados, infraestrutura de 260 metros de cais","","Wikipedia PT | Porto de Santos","https://pt.wikipedia.org/wiki/Porto_de_Santos"
"d1.57","Porto de Santos (d1.57)","construído e área específica para armazenagem. A primeira","","Wikipedia PT | Porto de Santos","https://pt.wikipedia.org/wiki/Porto_de_Santos"
"d1.58","Porto de Santos (d1.58)","embarcação a atracar no novo porto, foi o","","Wikipedia PT | Porto de Santos","https://pt.wikipedia.org/wiki/Porto_de_Santos"
"d1.59","Porto de Santos (d1.59)","Vapor britânico Nasmith. Francisco de Paula Ribeiro foi","","Wikipedia PT | Porto de Santos","https://pt.wikipedia.org/wiki/Porto_de_Santos"
"d1.60","Porto de Santos (d1.60)","o superintendente da Companhia Docas de Santos entre","","Wikipedia PT | Porto de Santos","https://pt.wikipedia.org/wiki/Porto_de_Santos"
"d1.61","Porto de Santos (d1.61)","os anos de 1888 e 1902, supervisionando e","","Wikipedia PT | Porto de Santos","https://pt.wikipedia.org/wiki/Porto_de_Santos"
"d1.62","Porto de Santos (d1.62)","administrando a construção dessa infraestrutura. No início do","","Wikipedia PT | Porto de Santos","https://pt.wikipedia.org/wiki/Porto_de_Santos"
"d1.63","Porto de Santos (d1.63)","Século XIX, Santos foi um dos principais portos","","Wikipedia PT | Porto de Santos","https://pt.wikipedia.org/wiki/Porto_de_Santos"
"d1.64","Porto de Santos (d1.64)","brasileiros para o desembarque de imigrantes, que afluíam","","Wikipedia PT | Porto de Santos","https://pt.wikipedia.org/wiki/Porto_de_Santos"
"d1.65","Porto de Santos (d1.65)","principalmente da Itália e do Japão. Porém, a","","Wikipedia PT | Porto de Santos","https://pt.wikipedia.org/wiki/Porto_de_Santos"
"d1.66","Porto de Santos (d1.66)","infraestrutura da cidade e suas atividades econômicas não","","Wikipedia PT | Porto de Santos","https://pt.wikipedia.org/wiki/Porto_de_Santos"
"d1.67","Porto de Santos (d1.67)","comportavam o acolhimento destes indivíduos, que rapidamente se","","Wikipedia PT | Porto de Santos","https://pt.wikipedia.org/wiki/Porto_de_Santos"
"d1.68","Porto de Santos (d1.68)","distribuíam para o interior do estado. Nesta época,","","Wikipedia PT | Porto de Santos","https://pt.wikipedia.org/wiki/Porto_de_Santos"
"d1.69","Porto de Santos (d1.69)","Santos era conhecido como o ""Porto da Morte"",","","Wikipedia PT | Porto de Santos","https://pt.wikipedia.org/wiki/Porto_de_Santos"
"d1.70","Porto de Santos (d1.70)","em virtude das diversas epidemias de doenças tropicais","","Wikipedia PT | Porto de Santos","https://pt.wikipedia.org/wiki/Porto_de_Santos"
"d1.71","Porto de Santos (d1.71)","que acometiam periodicamente a população, acirradas pela falta","","Wikipedia PT | Porto de Santos","https://pt.wikipedia.org/wiki/Porto_de_Santos"
"d1.72","Porto de Santos (d1.72)","de saneamento básico e condições precárias de moradia","","Wikipedia PT | Porto de Santos","https://pt.wikipedia.org/wiki/Porto_de_Santos"
"d1.73","Porto de Santos (d1.73)","e higiene da população, bem como pela natureza","","Wikipedia PT | Porto de Santos","https://pt.wikipedia.org/wiki/Porto_de_Santos"
"d1.74","Porto de Santos (d1.74)","alagadiça da cidade; este cenário alterou-se somente com","","Wikipedia PT | Porto de Santos","https://pt.wikipedia.org/wiki/Porto_de_Santos"
"d1.75","Porto de Santos (d1.75)","as obras sanitárias realizadas por Saturnino de Britto","","Wikipedia PT | Porto de Santos","https://pt.wikipedia.org/wiki/Porto_de_Santos"
"d1.76","Porto de Santos (d1.76)","a mando do então Secretário do Interior do","","Wikipedia PT | Porto de Santos","https://pt.wikipedia.org/wiki/Porto_de_Santos"
"d1.77","Porto de Santos (d1.77)","Estado, Vicente de Carvalho, que criou os canais","","Wikipedia PT | Porto de Santos","https://pt.wikipedia.org/wiki/Porto_de_Santos"
"d1.78","Porto de Santos (d1.78)","de drenagem que são hoje marcos da paisagem","","Wikipedia PT | Porto de Santos","https://pt.wikipedia.org/wiki/Porto_de_Santos"
"d1.79","Porto de Santos (d1.79)","urbana santista. Em 1897, Santos teve a primeira","","Wikipedia PT | Porto de Santos","https://pt.wikipedia.org/wiki/Porto_de_Santos"
"d1.80","Porto de Santos (d1.80)","greve organizada do País, deflagrada por um acidente","","Wikipedia PT | Porto de Santos","https://pt.wikipedia.org/wiki/Porto_de_Santos"
"d1.81","Porto de Santos (d1.81)","em um navio. Com o passar dos anos,","","Wikipedia PT | Porto de Santos","https://pt.wikipedia.org/wiki/Porto_de_Santos"
"d1.82","Porto de Santos (d1.82)","a estrutura foi ampliada e desenvolvida de acordo","","Wikipedia PT | Porto de Santos","https://pt.wikipedia.org/wiki/Porto_de_Santos"
"d1.83","Porto de Santos (d1.83)","com os investimentos realizados pela CDS, que chegou","","Wikipedia PT | Porto de Santos","https://pt.wikipedia.org/wiki/Porto_de_Santos"
"d1.84","Porto de Santos (d1.84)","a empregar 15 000 funcionários. Além das diversas","","Wikipedia PT | Porto de Santos","https://pt.wikipedia.org/wiki/Porto_de_Santos"
"d1.85","Porto de Santos (d1.85)","estruturas de terminais e dos prédios administrativos, a","","Wikipedia PT | Porto de Santos","https://pt.wikipedia.org/wiki/Porto_de_Santos"
"d1.86","Porto de Santos (d1.86)","CDS executou diversas obras de engenharia de destaque","","Wikipedia PT | Porto de Santos","https://pt.wikipedia.org/wiki/Porto_de_Santos"
"d1.87","Porto de Santos (d1.87)","para a época, seja por sua dimensão ou","","Wikipedia PT | Porto de Santos","https://pt.wikipedia.org/wiki/Porto_de_Santos"
"d1.88","Porto de Santos (d1.88)","por sua complexidade. São particularmente notáveis o aterramento","","Wikipedia PT | Porto de Santos","https://pt.wikipedia.org/wiki/Porto_de_Santos"
"d1.89","Porto de Santos (d1.89)","de Paquetá-Outeirinhos e a construção da Usina Hidrelétrica","","Wikipedia PT | Porto de Santos","https://pt.wikipedia.org/wiki/Porto_de_Santos"
"d1.90","Porto de Santos (d1.90)","de Itatinga, ambas sob a direção do engenheiro","","Wikipedia PT | Porto de Santos","https://pt.wikipedia.org/wiki/Porto_de_Santos"
"d1.91","Porto de Santos (d1.91)","Guilherme Benjamin Weinschenck. A área de Paquetá-Outeirinhos, na","","Wikipedia PT | Porto de Santos","https://pt.wikipedia.org/wiki/Porto_de_Santos"
"d1.92","Porto de Santos (d1.92)","margem direita (Santos), entre os atuais armazéns 12","","Wikipedia PT | Porto de Santos","https://pt.wikipedia.org/wiki/Porto_de_Santos"
"d1.93","Porto de Santos (d1.93)","e 23, que era originalmente um golfo, foi","","Wikipedia PT | Porto de Santos","https://pt.wikipedia.org/wiki/Porto_de_Santos"
"d1.94","Porto de Santos (d1.94)","aterrada para criar uma estrutura linear de cais","","Wikipedia PT | Porto de Santos","https://pt.wikipedia.org/wiki/Porto_de_Santos"
"d1.95","Porto de Santos (d1.95)","que permitisse a atracação de navios de maior","","Wikipedia PT | Porto de Santos","https://pt.wikipedia.org/wiki/Porto_de_Santos"
"d1.96","Porto de Santos (d1.96)","profundidade, bem como uma retroárea de armazenamento. Para","","Wikipedia PT | Porto de Santos","https://pt.wikipedia.org/wiki/Porto_de_Santos"
"d1.97","Porto de Santos (d1.97)","este aterramento, foi criada uma linha férrea especial","","Wikipedia PT | Porto de Santos","https://pt.wikipedia.org/wiki/Porto_de_Santos"
"d1.98","Porto de Santos (d1.98)","para transportar as pedras da pedreira do bairro","","Wikipedia PT | Porto de Santos","https://pt.wikipedia.org/wiki/Porto_de_Santos"
"d1.99","Porto de Santos (d1.99)","Jabaquara. Em uma das pontas das áreas aterradas,","","Wikipedia PT | Porto de Santos","https://pt.wikipedia.org/wiki/Porto_de_Santos"
"d1.100","Porto de Santos (d1.100)","foram construídos prédios para a administração portuária, que","","Wikipedia PT | Porto de Santos","https://pt.wikipedia.org/wiki/Porto_de_Santos"
"d1.101","Porto de Santos (d1.101)","hoje compõem a sede oficial da administração do","","Wikipedia PT | Porto de Santos","https://pt.wikipedia.org/wiki/Porto_de_Santos"
"d1.102","Porto de Santos (d1.102)","porto.A construção da Usina Hidrelétrica de Itatinga, concluída","","Wikipedia PT | Porto de Santos","https://pt.wikipedia.org/wiki/Porto_de_Santos"
"d1.103","Porto de Santos (d1.103)","em 1910, às margens da Serra do Mar,","","Wikipedia PT | Porto de Santos","https://pt.wikipedia.org/wiki/Porto_de_Santos"
"d1.104","Porto de Santos (d1.104)","foi outra obra de destaque. À época, Itatinga","","Wikipedia PT | Porto de Santos","https://pt.wikipedia.org/wiki/Porto_de_Santos"
"d1.105","Porto de Santos (d1.105)","era uma das mais importantes hidrelétricas do país,","","Wikipedia PT | Porto de Santos","https://pt.wikipedia.org/wiki/Porto_de_Santos"
"d1.106","Porto de Santos (d1.106)","em uma época em que poucos tinham acesso","","Wikipedia PT | Porto de Santos","https://pt.wikipedia.org/wiki/Porto_de_Santos"
"d1.107","Porto de Santos (d1.107)","à rede elétrica; eletricidade gerada por ela foi","","Wikipedia PT | Porto de Santos","https://pt.wikipedia.org/wiki/Porto_de_Santos"
"d1.108","Porto de Santos (d1.108)","utilizada inclusive na construção da usina hidrelétrica de","","Wikipedia PT | Porto de Santos","https://pt.wikipedia.org/wiki/Porto_de_Santos"
"d1.109","Porto de Santos (d1.109)","Henry Borden, em Cubatão. Por conta da localização","","Wikipedia PT | Porto de Santos","https://pt.wikipedia.org/wiki/Porto_de_Santos"
"d1.110","Porto de Santos (d1.110)","da usina, isolada no meio da Mata Atlântica","","Wikipedia PT | Porto de Santos","https://pt.wikipedia.org/wiki/Porto_de_Santos"
"d1.111","Porto de Santos (d1.111)","a 7 Km de Bertioga, foi construída uma","","Wikipedia PT | Porto de Santos","https://pt.wikipedia.org/wiki/Porto_de_Santos"
"d1.112","Porto de Santos (d1.112)","vila de apoio para a residência de funcionários","","Wikipedia PT | Porto de Santos","https://pt.wikipedia.org/wiki/Porto_de_Santos"
"d1.113","Porto de Santos (d1.113)","que trabalham em sua manutenção e operação, na","","Wikipedia PT | Porto de Santos","https://pt.wikipedia.org/wiki/Porto_de_Santos"
"d1.114","Porto de Santos (d1.114)","qual chegaram a residir 70 famílias simultaneamente. Mesmo","","Wikipedia PT | Porto de Santos","https://pt.wikipedia.org/wiki/Porto_de_Santos"
"d1.115","Porto de Santos (d1.115)","sendo o efetivo de pessoal atual muito menor,","","Wikipedia PT | Porto de Santos","https://pt.wikipedia.org/wiki/Porto_de_Santos"
"d1.116","Porto de Santos (d1.116)","ainda hoje a usina fornece eletricidade para a","","Wikipedia PT | Porto de Santos","https://pt.wikipedia.org/wiki/Porto_de_Santos"
"d1.117","Porto de Santos (d1.117)","operação do porto e para suas instalações administrativas.","","Wikipedia PT | Porto de Santos","https://pt.wikipedia.org/wiki/Porto_de_Santos"
"d1.118","Porto de Santos (d1.118)","Embora modernizada, parte de sua estrutura, como as","","Wikipedia PT | Porto de Santos","https://pt.wikipedia.org/wiki/Porto_de_Santos"
"d1.119","Porto de Santos (d1.119)","turbinas por exemplo, são parte do equipamento original,","","Wikipedia PT | Porto de Santos","https://pt.wikipedia.org/wiki/Porto_de_Santos"
"d1.120","Porto de Santos (d1.120)","em contínua operação há mais de cem anos.","","Wikipedia PT | Porto de Santos","https://pt.wikipedia.org/wiki/Porto_de_Santos"
"d1.121","Porto de Santos (d1.121)","Após o vencimento da concessão, em outubro de","","Wikipedia PT | Porto de Santos","https://pt.wikipedia.org/wiki/Porto_de_Santos"
"d1.122","Porto de Santos (d1.122)","1980, a administração do porto e seu acervo","","Wikipedia PT | Porto de Santos","https://pt.wikipedia.org/wiki/Porto_de_Santos"
"d1.123","Porto de Santos (d1.123)","voltaram ao domínio do Governo Federal, mais especificamente","","Wikipedia PT | Porto de Santos","https://pt.wikipedia.org/wiki/Porto_de_Santos"
"d1.124","Porto de Santos (d1.124)","à então Companhia Docas do Estado de São","","Wikipedia PT | Porto de Santos","https://pt.wikipedia.org/wiki/Porto_de_Santos"
"d1.125","Porto de Santos (d1.125)","Paulo (Codesp), sociedade de economia mista que, até","","Wikipedia PT | Porto de Santos","https://pt.wikipedia.org/wiki/Porto_de_Santos"
"d1.126","Porto de Santos (d1.126)","março de 1990, permaneceu sob controle da Empresa","","Wikipedia PT | Porto de Santos","https://pt.wikipedia.org/wiki/Porto_de_Santos"
"d1.127","Porto de Santos (d1.127)","de Portos do Brasil S.A. (Portobras). A Codesp","","Wikipedia PT | Porto de Santos","https://pt.wikipedia.org/wiki/Porto_de_Santos"
"d1.128","Porto de Santos (d1.128)","operou o porto em regime de monopólio até","","Wikipedia PT | Porto de Santos","https://pt.wikipedia.org/wiki/Porto_de_Santos"
"d1.129","Porto de Santos (d1.129)","a promulgação da Lei 8.630/93, que instituiu o","","Wikipedia PT | Porto de Santos","https://pt.wikipedia.org/wiki/Porto_de_Santos"
"d1.130","Porto de Santos (d1.130)","ambiente concorrencial por meio do arrendamento das áreas","","Wikipedia PT | Porto de Santos","https://pt.wikipedia.org/wiki/Porto_de_Santos"
"d1.131","Porto de Santos (d1.131)","portuárias para terminais, passando os portos federais brasileiros","","Wikipedia PT | Porto de Santos","https://pt.wikipedia.org/wiki/Porto_de_Santos"
"d1.132","Porto de Santos (d1.132)","a operar por meio de um sistema conhecido","","Wikipedia PT | Porto de Santos","https://pt.wikipedia.org/wiki/Porto_de_Santos"
"d1.133","Porto de Santos (d1.133)","como Landlord Port. Com a instituição deste sistema,","","Wikipedia PT | Porto de Santos","https://pt.wikipedia.org/wiki/Porto_de_Santos"
"d1.134","Porto de Santos (d1.134)","a Codesp (e consequentemente o Governo Federal) passou","","Wikipedia PT | Porto de Santos","https://pt.wikipedia.org/wiki/Porto_de_Santos"
"d1.135","Porto de Santos (d1.135)","a exercer apenas a função administrativa do complexo","","Wikipedia PT | Porto de Santos","https://pt.wikipedia.org/wiki/Porto_de_Santos"
"d1.136","Porto de Santos (d1.136)","portuário (conhecida como Autoridade Portuária), passando a operação","","Wikipedia PT | Porto de Santos","https://pt.wikipedia.org/wiki/Porto_de_Santos"
"d1.137","Porto de Santos (d1.137)","às mãos de terminais portuários privados. Este conjunto","","Wikipedia PT | Porto de Santos","https://pt.wikipedia.org/wiki/Porto_de_Santos"
"d1.138","Porto de Santos (d1.138)","de áreas, primárias (operacionais) e secundárias (administrativas), passa","","Wikipedia PT | Porto de Santos","https://pt.wikipedia.org/wiki/Porto_de_Santos"
"d1.139","Porto de Santos (d1.139)","a configurar o Porto Organizado, área sob a","","Wikipedia PT | Porto de Santos","https://pt.wikipedia.org/wiki/Porto_de_Santos"
"d1.140","Porto de Santos (d1.140)","jurisdição da Autoridade Portuária. Com a instituição da","","Wikipedia PT | Porto de Santos","https://pt.wikipedia.org/wiki/Porto_de_Santos"
"d1.141","Porto de Santos (d1.141)","lei, a mão de obra operacional da Codesp","","Wikipedia PT | Porto de Santos","https://pt.wikipedia.org/wiki/Porto_de_Santos"
"d1.142","Porto de Santos (d1.142)","foi transferida para o Órgão Gestor de Mão","","Wikipedia PT | Porto de Santos","https://pt.wikipedia.org/wiki/Porto_de_Santos"
"d1.143","Porto de Santos (d1.143)","de Obra (Ogmo), e a Codesp passou a","","Wikipedia PT | Porto de Santos","https://pt.wikipedia.org/wiki/Porto_de_Santos"
"d1.144","Porto de Santos (d1.144)","contar com um efetivo de aproximadamente 1 500","","Wikipedia PT | Porto de Santos","https://pt.wikipedia.org/wiki/Porto_de_Santos"
"d1.145","Porto de Santos (d1.145)","funcionários, distribuídos em funções administrativas, de fiscalização e","","Wikipedia PT | Porto de Santos","https://pt.wikipedia.org/wiki/Porto_de_Santos"
"d1.146","Porto de Santos (d1.146)","de Guarda Portuária. A legislação foi atualizada quando","","Wikipedia PT | Porto de Santos","https://pt.wikipedia.org/wiki/Porto_de_Santos"
"d1.147","Porto de Santos (d1.147)","da promulgação da Lei 12 815/2013. Em 15/12/2010,","","Wikipedia PT | Porto de Santos","https://pt.wikipedia.org/wiki/Porto_de_Santos"
"d1.148","Porto de Santos (d1.148)","o Porto de Santos recebeu da Comissão Nacional","","Wikipedia PT | Porto de Santos","https://pt.wikipedia.org/wiki/Porto_de_Santos"
"d1.149","Porto de Santos (d1.149)","de Segurança Pública de Portos, Terminais e Vias","","Wikipedia PT | Porto de Santos","https://pt.wikipedia.org/wiki/Porto_de_Santos"
"d1.150","Porto de Santos (d1.150)","Navegáveis (Conportos) o certificado internacional de implantação do","","Wikipedia PT | Porto de Santos","https://pt.wikipedia.org/wiki/Porto_de_Santos"
"d1.151","Porto de Santos (d1.151)","ISPS Code, garantindo que a monitoração, fiscalização e","","Wikipedia PT | Porto de Santos","https://pt.wikipedia.org/wiki/Porto_de_Santos"
"d1.152","Porto de Santos (d1.152)","controle dos meios de acesso às áreas primárias","","Wikipedia PT | Porto de Santos","https://pt.wikipedia.org/wiki/Porto_de_Santos"
"d1.153","Porto de Santos (d1.153)","e secundárias estão adequados às exigências internacionais de","","Wikipedia PT | Porto de Santos","https://pt.wikipedia.org/wiki/Porto_de_Santos"
"d1.154","Porto de Santos (d1.154)","segurança portuária. No segundo semestre de 2018, o","","Wikipedia PT | Porto de Santos","https://pt.wikipedia.org/wiki/Porto_de_Santos"
"d1.155","Porto de Santos (d1.155)","Governo Federal realizou a compra das ações dos","","Wikipedia PT | Porto de Santos","https://pt.wikipedia.org/wiki/Porto_de_Santos"
"d1.156","Porto de Santos (d1.156)","acionistas minoritários da Codesp, buscando a nacionalização da","","Wikipedia PT | Porto de Santos","https://pt.wikipedia.org/wiki/Porto_de_Santos"
"d1.157","Porto de Santos (d1.157)","empresa. Este processo foi concluído com sucesso, porém","","Wikipedia PT | Porto de Santos","https://pt.wikipedia.org/wiki/Porto_de_Santos"
"d1.158","Porto de Santos (d1.158)","a Codesp permanece como sociedade de economia mista,","","Wikipedia PT | Porto de Santos","https://pt.wikipedia.org/wiki/Porto_de_Santos"
"d1.159","Porto de Santos (d1.159)","uma vez que a Prefeitura de Santos é","","Wikipedia PT | Porto de Santos","https://pt.wikipedia.org/wiki/Porto_de_Santos"
"d1.160","Porto de Santos (d1.160)","detentora de uma pequena parcela de ações da","","Wikipedia PT | Porto de Santos","https://pt.wikipedia.org/wiki/Porto_de_Santos"
"d1.161","Porto de Santos (d1.161)","empresa, e a legislação atual não permite a","","Wikipedia PT | Porto de Santos","https://pt.wikipedia.org/wiki/Porto_de_Santos"
"d1.162","Porto de Santos (d1.162)","negociação de ações entre diferentes esferas de governo.","","Wikipedia PT | Porto de Santos","https://pt.wikipedia.org/wiki/Porto_de_Santos"
"d1.163","Porto de Santos (d1.163)","A partir de outubro de 2019, a Codesp","","Wikipedia PT | Porto de Santos","https://pt.wikipedia.org/wiki/Porto_de_Santos"
"d1.164","Porto de Santos (d1.164)","iniciou um processo de remodelagem de sua marca,","","Wikipedia PT | Porto de Santos","https://pt.wikipedia.org/wiki/Porto_de_Santos"
"d1.165","Porto de Santos (d1.165)","passando a adotar o nome fantasia Santos Port","","Wikipedia PT | Porto de Santos","https://pt.wikipedia.org/wiki/Porto_de_Santos"
"d1.166","Porto de Santos (d1.166)","Authority (SPA). Em março de 2020, a empresa","","Wikipedia PT | Porto de Santos","https://pt.wikipedia.org/wiki/Porto_de_Santos"
"d1.167","Porto de Santos (d1.167)","alterou também sua razão social, para ""Autoridade Portuária","","Wikipedia PT | Porto de Santos","https://pt.wikipedia.org/wiki/Porto_de_Santos"
"d1.168","Porto de Santos (d1.168)","de Santos"". Em 18 de outubro de 2013,","","Wikipedia PT | Porto de Santos","https://pt.wikipedia.org/wiki/Porto_de_Santos"
"d1.169","Porto de Santos (d1.169)","ocorreu o pior incêndio da história do Porto","","Wikipedia PT | Porto de Santos","https://pt.wikipedia.org/wiki/Porto_de_Santos"
"d1.170","Porto de Santos (d1.170)","até aquela data. As chamas se iniciaram no","","Wikipedia PT | Porto de Santos","https://pt.wikipedia.org/wiki/Porto_de_Santos"
"d1.171","Porto de Santos (d1.171)","sistema de esteiras de transporte de dois armazéns","","Wikipedia PT | Porto de Santos","https://pt.wikipedia.org/wiki/Porto_de_Santos"
"d1.172","Porto de Santos (d1.172)","de açúcar da empresa Copersucar, deixando quatro trabalhadores","","Wikipedia PT | Porto de Santos","https://pt.wikipedia.org/wiki/Porto_de_Santos"
"d1.173","Porto de Santos (d1.173)","feridos e queimando cerca de 180 mil toneladas","","Wikipedia PT | Porto de Santos","https://pt.wikipedia.org/wiki/Porto_de_Santos"
"d1.174","Porto de Santos (d1.174)","de açúcar. Foram necessários dez caminhões do Corpo","","Wikipedia PT | Porto de Santos","https://pt.wikipedia.org/wiki/Porto_de_Santos"
"d1.175","Porto de Santos (d1.175)","de Bombeiros, um caminhão da Petrobras, dois carros","","Wikipedia PT | Porto de Santos","https://pt.wikipedia.org/wiki/Porto_de_Santos"
"d1.176","Porto de Santos (d1.176)","da Guarda Portuária, um helicóptero Águia da Polícia","","Wikipedia PT | Porto de Santos","https://pt.wikipedia.org/wiki/Porto_de_Santos"
"d1.177","Porto de Santos (d1.177)","Militar e uma equipe vindo de São Paulo","","Wikipedia PT | Porto de Santos","https://pt.wikipedia.org/wiki/Porto_de_Santos"
"d1.178","Porto de Santos (d1.178)","para combater o fogo. O açúcar carbonizado junto","","Wikipedia PT | Porto de Santos","https://pt.wikipedia.org/wiki/Porto_de_Santos"
"d1.179","Porto de Santos (d1.179)","com a água utilizada no combate ao incêndio","","Wikipedia PT | Porto de Santos","https://pt.wikipedia.org/wiki/Porto_de_Santos"
"d1.180","Porto de Santos (d1.180)","atingiram o estuário de Santos, contaminando as águas","","Wikipedia PT | Porto de Santos","https://pt.wikipedia.org/wiki/Porto_de_Santos"
"d1.181","Porto de Santos (d1.181)","e matando milhares de peixes. No ano seguinte,","","Wikipedia PT | Porto de Santos","https://pt.wikipedia.org/wiki/Porto_de_Santos"
"d1.182","Porto de Santos (d1.182)","dia 03 de agosto de 2014, um incêndio","","Wikipedia PT | Porto de Santos","https://pt.wikipedia.org/wiki/Porto_de_Santos"
"d1.183","Porto de Santos (d1.183)","de grandes proporções atingiu outro armazém de açúcar","","Wikipedia PT | Porto de Santos","https://pt.wikipedia.org/wiki/Porto_de_Santos"
"d1.184","Porto de Santos (d1.184)","no Porto de Santos. O armazém X (terminal","","Wikipedia PT | Porto de Santos","https://pt.wikipedia.org/wiki/Porto_de_Santos"
"d1.185","Porto de Santos (d1.185)","19), operado pela Rumo Logística do grupo Cosan,","","Wikipedia PT | Porto de Santos","https://pt.wikipedia.org/wiki/Porto_de_Santos"
"d1.186","Porto de Santos (d1.186)","tinha capacidade para estocar 18 mil toneladas de","","Wikipedia PT | Porto de Santos","https://pt.wikipedia.org/wiki/Porto_de_Santos"
"d1.187","Porto de Santos (d1.187)","açúcar, sendo que 15 mil toneladas estavam armazenadas","","Wikipedia PT | Porto de Santos","https://pt.wikipedia.org/wiki/Porto_de_Santos"
"d1.188","Porto de Santos (d1.188)","e foram completamente destruídas pelas chamas. As chamas","","Wikipedia PT | Porto de Santos","https://pt.wikipedia.org/wiki/Porto_de_Santos"
"d1.189","Porto de Santos (d1.189)","iniciadas pela tarde, só foram extintas na madrugada","","Wikipedia PT | Porto de Santos","https://pt.wikipedia.org/wiki/Porto_de_Santos"
"d1.190","Porto de Santos (d1.190)","do dia seguinte, após a atuação de doze","","Wikipedia PT | Porto de Santos","https://pt.wikipedia.org/wiki/Porto_de_Santos"
"d1.191","Porto de Santos (d1.191)","caminhões do corpo de bombeiros. Cerca de 100","","Wikipedia PT | Porto de Santos","https://pt.wikipedia.org/wiki/Porto_de_Santos"
"d1.192","Porto de Santos (d1.192)","funcionários trabalhavam no local durante o acidente, mas","","Wikipedia PT | Porto de Santos","https://pt.wikipedia.org/wiki/Porto_de_Santos"
"d1.193","Porto de Santos (d1.193)","ninguém foi ferido. Cerca de dois meses depois,","","Wikipedia PT | Porto de Santos","https://pt.wikipedia.org/wiki/Porto_de_Santos"
"d1.194","Porto de Santos (d1.194)","no dia 20 de outubro de 2014, outro","","Wikipedia PT | Porto de Santos","https://pt.wikipedia.org/wiki/Porto_de_Santos"
"d1.195","Porto de Santos (d1.195)","incêndio destruiu um armazém inteiro de açúcar da","","Wikipedia PT | Porto de Santos","https://pt.wikipedia.org/wiki/Porto_de_Santos"
"d1.196","Porto de Santos (d1.196)","empresa Cargill na margem esquerda do Porto de","","Wikipedia PT | Porto de Santos","https://pt.wikipedia.org/wiki/Porto_de_Santos"
"d1.197","Porto de Santos (d1.197)","Santos no Guarujá. As chamas foram controladas pelos","","Wikipedia PT | Porto de Santos","https://pt.wikipedia.org/wiki/Porto_de_Santos"
"d1.198","Porto de Santos (d1.198)","bombeiros antes de atingirem outro armazém. Nenhuma pessoa","","Wikipedia PT | Porto de Santos","https://pt.wikipedia.org/wiki/Porto_de_Santos"
"d1.199","Porto de Santos (d1.199)","foi ferida no acidente. No dia 2 de","","Wikipedia PT | Porto de Santos","https://pt.wikipedia.org/wiki/Porto_de_Santos"
"d1.200","Porto de Santos (d1.200)","abril de 2015, principiou um incêndio em um","","Wikipedia PT | Porto de Santos","https://pt.wikipedia.org/wiki/Porto_de_Santos"
"d1.201","Porto de Santos (d1.201)","dos terminais de armazenamento de combustíveis e fertilizantes","","Wikipedia PT | Porto de Santos","https://pt.wikipedia.org/wiki/Porto_de_Santos"
"d1.202","Porto de Santos (d1.202)","líquidos no complexo da Alemoa. Os tanques onde","","Wikipedia PT | Porto de Santos","https://pt.wikipedia.org/wiki/Porto_de_Santos"
"d1.203","Porto de Santos (d1.203)","ocorreu o incêndio são ligados por dutos ao","","Wikipedia PT | Porto de Santos","https://pt.wikipedia.org/wiki/Porto_de_Santos"
"d1.204","Porto de Santos (d1.204)","terminal portuário e pertenciam à empresa Ultracargo. As","","Wikipedia PT | Porto de Santos","https://pt.wikipedia.org/wiki/Porto_de_Santos"
"d1.205","Porto de Santos (d1.205)","chamas duraram mais de uma semana, e durante","","Wikipedia PT | Porto de Santos","https://pt.wikipedia.org/wiki/Porto_de_Santos"
"d1.206","Porto de Santos (d1.206)","este período a água utilizada no combate ao","","Wikipedia PT | Porto de Santos","https://pt.wikipedia.org/wiki/Porto_de_Santos"
"d1.207","Porto de Santos (d1.207)","incêndio, contaminada com combustível e outros produtos químicos,","","Wikipedia PT | Porto de Santos","https://pt.wikipedia.org/wiki/Porto_de_Santos"
"d1.208","Porto de Santos (d1.208)","fluiu para o estuário, causando alteração da temperatura","","Wikipedia PT | Porto de Santos","https://pt.wikipedia.org/wiki/Porto_de_Santos"
"d1.209","Porto de Santos (d1.209)","e saturação do oxigênio, o que causou a","","Wikipedia PT | Porto de Santos","https://pt.wikipedia.org/wiki/Porto_de_Santos"
"d1.210","Porto de Santos (d1.210)","morte de milhares de peixes. Apesar de não","","Wikipedia PT | Porto de Santos","https://pt.wikipedia.org/wiki/Porto_de_Santos"
"d1.211","Porto de Santos (d1.211)","ter havido registro de vítimas, foi um dos","","Wikipedia PT | Porto de Santos","https://pt.wikipedia.org/wiki/Porto_de_Santos"
"d1.212","Porto de Santos (d1.212)","maiores e mais longos incêndios a acometer o","","Wikipedia PT | Porto de Santos","https://pt.wikipedia.org/wiki/Porto_de_Santos"
"d1.213","Porto de Santos (d1.213)","complexo portuário. O combate à ocorrência teve ajuda","","Wikipedia PT | Porto de Santos","https://pt.wikipedia.org/wiki/Porto_de_Santos"
"d1.214","Porto de Santos (d1.214)","federal da FAB e da Infraero, sendo inclusive","","Wikipedia PT | Porto de Santos","https://pt.wikipedia.org/wiki/Porto_de_Santos"
"d1.215","Porto de Santos (d1.215)","utilizada uma espuma especial gelatinosa conhecida como cold","","Wikipedia PT | Porto de Santos","https://pt.wikipedia.org/wiki/Porto_de_Santos"
"d1.216","Porto de Santos (d1.216)","fire, que foi fornecida pela Petrobras, específica para","","Wikipedia PT | Porto de Santos","https://pt.wikipedia.org/wiki/Porto_de_Santos"
"d1.217","Porto de Santos (d1.217)","o combate a incêndios em combustíveis. O estuário","","Wikipedia PT | Porto de Santos","https://pt.wikipedia.org/wiki/Porto_de_Santos"
"d1.218","Porto de Santos (d1.218)","do Porto de Santos é um braço d'água","","Wikipedia PT | Porto de Santos","https://pt.wikipedia.org/wiki/Porto_de_Santos"
"d1.219","Porto de Santos (d1.219)","natural, no qual foram instalados os terminais de","","Wikipedia PT | Porto de Santos","https://pt.wikipedia.org/wiki/Porto_de_Santos"
"d1.220","Porto de Santos (d1.220)","carga. Sua margem direita compreende a área insular","","Wikipedia PT | Porto de Santos","https://pt.wikipedia.org/wiki/Porto_de_Santos"
"d1.221","Porto de Santos (d1.221)","da cidade de Santos, e sua margem esquerda,","","Wikipedia PT | Porto de Santos","https://pt.wikipedia.org/wiki/Porto_de_Santos"
"d1.222","Porto de Santos (d1.222)","parte de Cubatão, a área continental de Santos","","Wikipedia PT | Porto de Santos","https://pt.wikipedia.org/wiki/Porto_de_Santos"
"d1.223","Porto de Santos (d1.223)","e a Ilha de Santo Amaro, que compõe","","Wikipedia PT | Porto de Santos","https://pt.wikipedia.org/wiki/Porto_de_Santos"
"d1.224","Porto de Santos (d1.224)","o município do Guarujá. Não houve aterramentos ou","","Wikipedia PT | Porto de Santos","https://pt.wikipedia.org/wiki/Porto_de_Santos"
"d1.225","Porto de Santos (d1.225)","expansões físicas da estrutura terrestre, com a exceção","","Wikipedia PT | Porto de Santos","https://pt.wikipedia.org/wiki/Porto_de_Santos"
"d1.226","Porto de Santos (d1.226)","dos atuais terminais açucareiros, localizados na área de","","Wikipedia PT | Porto de Santos","https://pt.wikipedia.org/wiki/Porto_de_Santos"
"d1.227","Porto de Santos (d1.227)","Paquetá-Outeirinhos. A profundidade natural do estuário de Santos","","Wikipedia PT | Porto de Santos","https://pt.wikipedia.org/wiki/Porto_de_Santos"
"d1.228","Porto de Santos (d1.228)","é de 6 metros. Para viabilizar o acesso","","Wikipedia PT | Porto de Santos","https://pt.wikipedia.org/wiki/Porto_de_Santos"
"d1.229","Porto de Santos (d1.229)","de navios de maior calado, é necessária a","","Wikipedia PT | Porto de Santos","https://pt.wikipedia.org/wiki/Porto_de_Santos"
"d1.230","Porto de Santos (d1.230)","realização constante de esforços de dragagem. Em 2018,","","Wikipedia PT | Porto de Santos","https://pt.wikipedia.org/wiki/Porto_de_Santos"
"d1.231","Porto de Santos (d1.231)","o calado permitido para a atracação de embarcações","","Wikipedia PT | Porto de Santos","https://pt.wikipedia.org/wiki/Porto_de_Santos"
"d1.232","Porto de Santos (d1.232)","é de 13m. O Complexo Portuário de Santos","","Wikipedia PT | Porto de Santos","https://pt.wikipedia.org/wiki/Porto_de_Santos"
"d1.233","Porto de Santos (d1.233)","é composto pelo Porto Organizado de Santos, administrado","","Wikipedia PT | Porto de Santos","https://pt.wikipedia.org/wiki/Porto_de_Santos"
"d1.234","Porto de Santos (d1.234)","pela SPA, e por cinco Terminais de Uso","","Wikipedia PT | Porto de Santos","https://pt.wikipedia.org/wiki/Porto_de_Santos"
"d1.235","Porto de Santos (d1.235)","Privado (TUP): Terminal de Veículos de Santos (TEV)","","Wikipedia PT | Porto de Santos","https://pt.wikipedia.org/wiki/Porto_de_Santos"
"d1.236","Porto de Santos (d1.236)","Terminal de Contêineres (Tecon) da Santos Brasil Terminais","","Wikipedia PT | Porto de Santos","https://pt.wikipedia.org/wiki/Porto_de_Santos"
"d1.237","Porto de Santos (d1.237)","de Granéis Líquidos da Ilha Barnabé Terminais de","","Wikipedia PT | Porto de Santos","https://pt.wikipedia.org/wiki/Porto_de_Santos"
"d1.238","Porto de Santos (d1.238)","Granéis Sólidos da Conceiçãozinha O Porto Organizado possui","","Wikipedia PT | Porto de Santos","https://pt.wikipedia.org/wiki/Porto_de_Santos"
"d1.239","Porto de Santos (d1.239)","66 berços de atracação, distribuídos entre 15 Km","","Wikipedia PT | Porto de Santos","https://pt.wikipedia.org/wiki/Porto_de_Santos"
"d1.240","Porto de Santos (d1.240)","de cais e suas duas margens, nos quais","","Wikipedia PT | Porto de Santos","https://pt.wikipedia.org/wiki/Porto_de_Santos"
"d1.241","Porto de Santos (d1.241)","operam os diversos operadores portuários de Santos. Distante","","Wikipedia PT | Porto de Santos","https://pt.wikipedia.org/wiki/Porto_de_Santos"
"d1.242","Porto de Santos (d1.242)","cerca de 70 quilômetros da cidade de São","","Wikipedia PT | Porto de Santos","https://pt.wikipedia.org/wiki/Porto_de_Santos"
"d1.243","Porto de Santos (d1.243)","Paulo, o porto é servido por ligações ferroviárias,","","Wikipedia PT | Porto de Santos","https://pt.wikipedia.org/wiki/Porto_de_Santos"
"d1.244","Porto de Santos (d1.244)","rodoviárias e dutoviárias. O sistema de acessos terrestres","","Wikipedia PT | Porto de Santos","https://pt.wikipedia.org/wiki/Porto_de_Santos"
"d1.245","Porto de Santos (d1.245)","diretos ao porto é formado por três modais:","","Wikipedia PT | Porto de Santos","https://pt.wikipedia.org/wiki/Porto_de_Santos"
"d1.246","Porto de Santos (d1.246)","rodoviário, pelas rodovias do complexo Anchieta-Imigrantes e pela","","Wikipedia PT | Porto de Santos","https://pt.wikipedia.org/wiki/Porto_de_Santos"
"d1.247","Porto de Santos (d1.247)","Rio-Santos; ferroviário, por duas malhas que são operadas","","Wikipedia PT | Porto de Santos","https://pt.wikipedia.org/wiki/Porto_de_Santos"
"d1.248","Porto de Santos (d1.248)","pelas empresas Rumo Logística (malha sul) e MRS","","Wikipedia PT | Porto de Santos","https://pt.wikipedia.org/wiki/Porto_de_Santos"
"d1.249","Porto de Santos (d1.249)","Logística, (malha norte); e dutoviário, estando integrado ao","","Wikipedia PT | Porto de Santos","https://pt.wikipedia.org/wiki/Porto_de_Santos"
"d1.250","Porto de Santos (d1.250)","sistema de dutos da Transpetro. De acordo com","","Wikipedia PT | Porto de Santos","https://pt.wikipedia.org/wiki/Porto_de_Santos"
"d1.251","Porto de Santos (d1.251)","suas atribuições de prover infraestrutura de acesso terrestre","","Wikipedia PT | Porto de Santos","https://pt.wikipedia.org/wiki/Porto_de_Santos"
"d1.252","Porto de Santos (d1.252)","e aquaviária, a Codesp mantém e investe nas","","Wikipedia PT | Porto de Santos","https://pt.wikipedia.org/wiki/Porto_de_Santos"
"d1.253","Porto de Santos (d1.253)","infraestruturas relativas a estes acessos. O complexo portuário","","Wikipedia PT | Porto de Santos","https://pt.wikipedia.org/wiki/Porto_de_Santos"
"d1.254","Porto de Santos (d1.254)","possui 100 quilômetros de malha ferroviária interna (dentro","","Wikipedia PT | Porto de Santos","https://pt.wikipedia.org/wiki/Porto_de_Santos"
"d1.255","Porto de Santos (d1.255)","do Porto Organizado), operada pela Portofer Transportes Ferroviários.","","Wikipedia PT | Porto de Santos","https://pt.wikipedia.org/wiki/Porto_de_Santos"
"d1.256","Porto de Santos (d1.256)","O modal ferroviário responde por cerca de 27%","","Wikipedia PT | Porto de Santos","https://pt.wikipedia.org/wiki/Porto_de_Santos"
"d1.257","Porto de Santos (d1.257)","da movimentação de cargas, em particular cargas derivadas","","Wikipedia PT | Porto de Santos","https://pt.wikipedia.org/wiki/Porto_de_Santos"
"d1.258","Porto de Santos (d1.258)","do agronegócio (soja, milho, açúcar, celulose, fertilizantes, café,","","Wikipedia PT | Porto de Santos","https://pt.wikipedia.org/wiki/Porto_de_Santos"
"d1.259","Porto de Santos (d1.259)","etc.), das quais 53% se utilizam deste modal.","","Wikipedia PT | Porto de Santos","https://pt.wikipedia.org/wiki/Porto_de_Santos"
"d1.260","Porto de Santos (d1.260)","A Autoridade Portuária também é responsável pelo sistema","","Wikipedia PT | Porto de Santos","https://pt.wikipedia.org/wiki/Porto_de_Santos"
"d1.261","Porto de Santos (d1.261)","conhecido como avenidas perimetrais, que busca garantir a","","Wikipedia PT | Porto de Santos","https://pt.wikipedia.org/wiki/Porto_de_Santos"
"d1.262","Porto de Santos (d1.262)","qualidade dos acessos rodoviários, evitar conflitos com o","","Wikipedia PT | Porto de Santos","https://pt.wikipedia.org/wiki/Porto_de_Santos"
"d1.263","Porto de Santos (d1.263)","fluxo urbano e evitar entroncamentos rodoferroviários. Da mesma","","Wikipedia PT | Porto de Santos","https://pt.wikipedia.org/wiki/Porto_de_Santos"
"d1.264","Porto de Santos (d1.264)","forma, realiza também os esforços de dragagem de","","Wikipedia PT | Porto de Santos","https://pt.wikipedia.org/wiki/Porto_de_Santos"
"d1.265","Porto de Santos (d1.265)","aprofundamento e manutenção, de forma a permitir o","","Wikipedia PT | Porto de Santos","https://pt.wikipedia.org/wiki/Porto_de_Santos"
"d1.266","Porto de Santos (d1.266)","acesso de navios com o calado operacional necessário.","","Wikipedia PT | Porto de Santos","https://pt.wikipedia.org/wiki/Porto_de_Santos"
"d1.267","Porto de Santos (d1.267)","Em 2016, o Porto de Santos foi considerado","","Wikipedia PT | Porto de Santos","https://pt.wikipedia.org/wiki/Porto_de_Santos"
"d1.268","Porto de Santos (d1.268)","o 39º maior porto do mundo por movimentação","","Wikipedia PT | Porto de Santos","https://pt.wikipedia.org/wiki/Porto_de_Santos"
"d1.269","Porto de Santos (d1.269)","de contêineres, e 35º por tonelagem, segundo ranking","","Wikipedia PT | Porto de Santos","https://pt.wikipedia.org/wiki/Porto_de_Santos"
"d1.270","Porto de Santos (d1.270)","da AAPA — Associação Americana de Autoridades Portuárias,","","Wikipedia PT | Porto de Santos","https://pt.wikipedia.org/wiki/Porto_de_Santos"
"d1.271","Porto de Santos (d1.271)","sendo o mais movimentado da América Latina. O","","Wikipedia PT | Porto de Santos","https://pt.wikipedia.org/wiki/Porto_de_Santos"
"d1.272","Porto de Santos (d1.272)","porto tem recebido vários navios de contêineres com","","Wikipedia PT | Porto de Santos","https://pt.wikipedia.org/wiki/Porto_de_Santos"
"d1.273","Porto de Santos (d1.273)","capacidade de até de 11 mil TEUs. O","","Wikipedia PT | Porto de Santos","https://pt.wikipedia.org/wiki/Porto_de_Santos"
"d1.274","Porto de Santos (d1.274)","perfil de carga do Porto de Santos, segundo","","Wikipedia PT | Porto de Santos","https://pt.wikipedia.org/wiki/Porto_de_Santos"
"d1.275","Porto de Santos (d1.275)","dados de 2017, é de aproximadamente 47% granel","","Wikipedia PT | Porto de Santos","https://pt.wikipedia.org/wiki/Porto_de_Santos"
"d1.276","Porto de Santos (d1.276)","sólido (soja, açúcar, milho, café, fertilizantes, etc.); 39%","","Wikipedia PT | Porto de Santos","https://pt.wikipedia.org/wiki/Porto_de_Santos"
"d1.277","Porto de Santos (d1.277)","carga geral (contêineres, cargas de projeto, veículos); e","","Wikipedia PT | Porto de Santos","https://pt.wikipedia.org/wiki/Porto_de_Santos"
"d1.278","Porto de Santos (d1.278)","14% granel líquido (óleos vegetais, petroquímicos, gases, etc.).","","Wikipedia PT | Porto de Santos","https://pt.wikipedia.org/wiki/Porto_de_Santos"
"d1.279","Porto de Santos (d1.279)","O movimento acumulado de 2017 em tonelagem atingiu","","Wikipedia PT | Porto de Santos","https://pt.wikipedia.org/wiki/Porto_de_Santos"
"d1.280","Porto de Santos (d1.280)","129 865 022 toneladas, sendo 36 307 745","","Wikipedia PT | Porto de Santos","https://pt.wikipedia.org/wiki/Porto_de_Santos"
"d1.281","Porto de Santos (d1.281)","t de importações e 93 557 277 t","","Wikipedia PT | Porto de Santos","https://pt.wikipedia.org/wiki/Porto_de_Santos"
"d1.282","Porto de Santos (d1.282)","de exportações. A movimentação de contêineres acumulou 2","","Wikipedia PT | Porto de Santos","https://pt.wikipedia.org/wiki/Porto_de_Santos"
"d1.283","Porto de Santos (d1.283)","495 397 unidades, representando 3 853 719 TEU,","","Wikipedia PT | Porto de Santos","https://pt.wikipedia.org/wiki/Porto_de_Santos"
"d1.284","Porto de Santos (d1.284)","dos quais 1 259 163 unidades (1 947","","Wikipedia PT | Porto de Santos","https://pt.wikipedia.org/wiki/Porto_de_Santos"
"d1.285","Porto de Santos (d1.285)","082 TEU) foram importadas, e 1 236 234","","Wikipedia PT | Porto de Santos","https://pt.wikipedia.org/wiki/Porto_de_Santos"
"d1.286","Porto de Santos (d1.286)","unidades (1 906 637 TEU), exportadas. Em toneladas,","","Wikipedia PT | Porto de Santos","https://pt.wikipedia.org/wiki/Porto_de_Santos"
"d1.287","Porto de Santos (d1.287)","a movimentação geral de cargas conteinerizadas totalizou 44","","Wikipedia PT | Porto de Santos","https://pt.wikipedia.org/wiki/Porto_de_Santos"
"d1.288","Porto de Santos (d1.288)","534 271 t. Os distritos industriais da Grande","","Wikipedia PT | Porto de Santos","https://pt.wikipedia.org/wiki/Porto_de_Santos"
"d1.289","Porto de Santos (d1.289)","São Paulo e o complexo industrial de Cubatão","","Wikipedia PT | Porto de Santos","https://pt.wikipedia.org/wiki/Porto_de_Santos"
"d1.290","Porto de Santos (d1.290)","devem grande parte de sua existência à proximidade","","Wikipedia PT | Porto de Santos","https://pt.wikipedia.org/wiki/Porto_de_Santos"
"d1.291","Porto de Santos (d1.291)","ao Porto de Santos. O município de Cubatão","","Wikipedia PT | Porto de Santos","https://pt.wikipedia.org/wiki/Porto_de_Santos"
"d1.292","Porto de Santos (d1.292)","tem acesso direto ao mar por meio do","","Wikipedia PT | Porto de Santos","https://pt.wikipedia.org/wiki/Porto_de_Santos"
"d1.293","Porto de Santos (d1.293)","Canal de Piaçaguera, braço aquático que conecta o","","Wikipedia PT | Porto de Santos","https://pt.wikipedia.org/wiki/Porto_de_Santos"
"d1.294","Porto de Santos (d1.294)","canal de navegação do porto aos Terminais de","","Wikipedia PT | Porto de Santos","https://pt.wikipedia.org/wiki/Porto_de_Santos"
"d1.295","Porto de Santos (d1.295)","Uso Privado (TUPs) lá instalados — como é","","Wikipedia PT | Porto de Santos","https://pt.wikipedia.org/wiki/Porto_de_Santos"
"d1.296","Porto de Santos (d1.296)","o caso da siderúrgica USIMINAS, de Minas Gerais,","","Wikipedia PT | Porto de Santos","https://pt.wikipedia.org/wiki/Porto_de_Santos"
"d1.297","Porto de Santos (d1.297)","e do TIPLAM, terminal da VLI Multimodal S.A..","","Wikipedia PT | Porto de Santos","https://pt.wikipedia.org/wiki/Porto_de_Santos"
"d1.298","Porto de Santos (d1.298)","A Autoridade Portuária tem a responsabilidade de prover","","Wikipedia PT | Porto de Santos","https://pt.wikipedia.org/wiki/Porto_de_Santos"
"d1.299","Porto de Santos (d1.299)","infraestrutura de acesso terrestre e marítimo, bem como","","Wikipedia PT | Porto de Santos","https://pt.wikipedia.org/wiki/Porto_de_Santos"
"d1.300","Porto de Santos (d1.300)","outras garantias contratuais, e cobra tarifas e taxas","","Wikipedia PT | Porto de Santos","https://pt.wikipedia.org/wiki/Porto_de_Santos"
"d1.301","Porto de Santos (d1.301)","de seus arrendatários pela utilização dessa estrutura. Os","","Wikipedia PT | Porto de Santos","https://pt.wikipedia.org/wiki/Porto_de_Santos"
"d1.302","Porto de Santos (d1.302)","arrendamentos são viabilizados por meio de licitações públicas,","","Wikipedia PT | Porto de Santos","https://pt.wikipedia.org/wiki/Porto_de_Santos"
"d1.303","Porto de Santos (d1.303)","e ao término dos contratos, os bens vinculados","","Wikipedia PT | Porto de Santos","https://pt.wikipedia.org/wiki/Porto_de_Santos"
"d1.304","Porto de Santos (d1.304)","aos espaços arrendados revertem ao patrimônio da União.","","Wikipedia PT | Porto de Santos","https://pt.wikipedia.org/wiki/Porto_de_Santos"
"d1.305","Porto de Santos (d1.305)","Em contrapartida, cobra taxas e tarifas pelos serviços","","Wikipedia PT | Porto de Santos","https://pt.wikipedia.org/wiki/Porto_de_Santos"
"d1.306","Porto de Santos (d1.306)","ou vantagens auferidos de sua atuação. O processo","","Wikipedia PT | Porto de Santos","https://pt.wikipedia.org/wiki/Porto_de_Santos"
"d1.307","Porto de Santos (d1.307)","de comércio exterior brasileiro é complexo, e sujeito","","Wikipedia PT | Porto de Santos","https://pt.wikipedia.org/wiki/Porto_de_Santos"
"d1.308","Porto de Santos (d1.308)","à atuação de diversos agentes denominados intervenientes. Dentre","","Wikipedia PT | Porto de Santos","https://pt.wikipedia.org/wiki/Porto_de_Santos"
"d1.309","Porto de Santos (d1.309)","estes agentes, são exemplos a Alfândega, Anvisa, órgãos","","Wikipedia PT | Porto de Santos","https://pt.wikipedia.org/wiki/Porto_de_Santos"
"d1.310","Porto de Santos (d1.310)","de controle ambiental e Polícia Federal, dentre outros.","","Wikipedia PT | Porto de Santos","https://pt.wikipedia.org/wiki/Porto_de_Santos"
"d2.1","Autoridade Portuária de Santos (d2.1)","A Autoridade Portuária de Santos - APS (nome","","Wikipedia PT | Autoridade Portuária de Santos","https://pt.wikipedia.org/wiki/Autoridade_Portuária_de_Santos"
"d2.2","Autoridade Portuária de Santos (d2.2)","atual da antiga Codesp, sigla para Companhia Docas","","Wikipedia PT | Autoridade Portuária de Santos","https://pt.wikipedia.org/wiki/Autoridade_Portuária_de_Santos"
"d2.3","Autoridade Portuária de Santos (d2.3)","do Estado de São Paulo) é uma empresa","","Wikipedia PT | Autoridade Portuária de Santos","https://pt.wikipedia.org/wiki/Autoridade_Portuária_de_Santos"
"d2.4","Autoridade Portuária de Santos (d2.4)","pública federal criada em 7 de novembro de","","Wikipedia PT | Autoridade Portuária de Santos","https://pt.wikipedia.org/wiki/Autoridade_Portuária_de_Santos"
"d2.5","Autoridade Portuária de Santos (d2.5)","1980 para substituir a Companhia Docas de Santos,","","Wikipedia PT | Autoridade Portuária de Santos","https://pt.wikipedia.org/wiki/Autoridade_Portuária_de_Santos"
"d2.6","Autoridade Portuária de Santos (d2.6)","que era privada. É a responsável pela infraestrutura","","Wikipedia PT | Autoridade Portuária de Santos","https://pt.wikipedia.org/wiki/Autoridade_Portuária_de_Santos"
"d2.7","Autoridade Portuária de Santos (d2.7)","do Porto de Santos. Era operadora portuária até","","Wikipedia PT | Autoridade Portuária de Santos","https://pt.wikipedia.org/wiki/Autoridade_Portuária_de_Santos"
"d2.8","Autoridade Portuária de Santos (d2.8)","o ano de 1993, quando a Lei 8.630/93","","Wikipedia PT | Autoridade Portuária de Santos","https://pt.wikipedia.org/wiki/Autoridade_Portuária_de_Santos"
"d2.9","Autoridade Portuária de Santos (d2.9)","determinou a transferência das operações portuárias para a","","Wikipedia PT | Autoridade Portuária de Santos","https://pt.wikipedia.org/wiki/Autoridade_Portuária_de_Santos"
"d2.10","Autoridade Portuária de Santos (d2.10)","iniciativa privada; o processo foi concluído em julho","","Wikipedia PT | Autoridade Portuária de Santos","https://pt.wikipedia.org/wiki/Autoridade_Portuária_de_Santos"
"d2.11","Autoridade Portuária de Santos (d2.11)","de 1999. Desde então, a APS administra a","","Wikipedia PT | Autoridade Portuária de Santos","https://pt.wikipedia.org/wiki/Autoridade_Portuária_de_Santos"
"d2.12","Autoridade Portuária de Santos (d2.12)","infraestrutura pública do Porto de Santos, contando com","","Wikipedia PT | Autoridade Portuária de Santos","https://pt.wikipedia.org/wiki/Autoridade_Portuária_de_Santos"
"d2.13","Autoridade Portuária de Santos (d2.13)","cerca de 1100 empregados. Até outubro de 1980,","","Wikipedia PT | Autoridade Portuária de Santos","https://pt.wikipedia.org/wiki/Autoridade_Portuária_de_Santos"
"d2.14","Autoridade Portuária de Santos (d2.14)","a exploração do Porto de Santos era monopólio","","Wikipedia PT | Autoridade Portuária de Santos","https://pt.wikipedia.org/wiki/Autoridade_Portuária_de_Santos"
"d2.15","Autoridade Portuária de Santos (d2.15)","da extinta Companhia Docas de Santos, empresa privada","","Wikipedia PT | Autoridade Portuária de Santos","https://pt.wikipedia.org/wiki/Autoridade_Portuária_de_Santos"
"d2.16","Autoridade Portuária de Santos (d2.16)","que obteve o direito de exploração do porto","","Wikipedia PT | Autoridade Portuária de Santos","https://pt.wikipedia.org/wiki/Autoridade_Portuária_de_Santos"
"d2.17","Autoridade Portuária de Santos (d2.17)","por meio de concessão. Após o vencimento da","","Wikipedia PT | Autoridade Portuária de Santos","https://pt.wikipedia.org/wiki/Autoridade_Portuária_de_Santos"
"d2.18","Autoridade Portuária de Santos (d2.18)","concessão, a administração do porto e seu acervo","","Wikipedia PT | Autoridade Portuária de Santos","https://pt.wikipedia.org/wiki/Autoridade_Portuária_de_Santos"
"d2.19","Autoridade Portuária de Santos (d2.19)","voltaram ao domínio do Governo Federal, e para","","Wikipedia PT | Autoridade Portuária de Santos","https://pt.wikipedia.org/wiki/Autoridade_Portuária_de_Santos"
"d2.20","Autoridade Portuária de Santos (d2.20)","sua gestão foi criada a Companhia Docas do","","Wikipedia PT | Autoridade Portuária de Santos","https://pt.wikipedia.org/wiki/Autoridade_Portuária_de_Santos"
"d2.21","Autoridade Portuária de Santos (d2.21)","Estado de São Paulo (Codesp), sociedade de economia","","Wikipedia PT | Autoridade Portuária de Santos","https://pt.wikipedia.org/wiki/Autoridade_Portuária_de_Santos"
"d2.22","Autoridade Portuária de Santos (d2.22)","mista que, até março de 1990, permaneceu sob","","Wikipedia PT | Autoridade Portuária de Santos","https://pt.wikipedia.org/wiki/Autoridade_Portuária_de_Santos"
"d2.23","Autoridade Portuária de Santos (d2.23)","controle da Empresa de Portos do Brasil S.A.","","Wikipedia PT | Autoridade Portuária de Santos","https://pt.wikipedia.org/wiki/Autoridade_Portuária_de_Santos"
"d2.24","Autoridade Portuária de Santos (d2.24)","(Portobras). A Codesp operou o porto em regime","","Wikipedia PT | Autoridade Portuária de Santos","https://pt.wikipedia.org/wiki/Autoridade_Portuária_de_Santos"
"d2.25","Autoridade Portuária de Santos (d2.25)","de monopólio até a promulgação da Lei 8.630/93,","","Wikipedia PT | Autoridade Portuária de Santos","https://pt.wikipedia.org/wiki/Autoridade_Portuária_de_Santos"
"d2.26","Autoridade Portuária de Santos (d2.26)","que instituiu o ambiente concorrencial por meio do","","Wikipedia PT | Autoridade Portuária de Santos","https://pt.wikipedia.org/wiki/Autoridade_Portuária_de_Santos"
"d2.27","Autoridade Portuária de Santos (d2.27)","arrendamento das áreas portuárias para terminais, passando os","","Wikipedia PT | Autoridade Portuária de Santos","https://pt.wikipedia.org/wiki/Autoridade_Portuária_de_Santos"
"d2.28","Autoridade Portuária de Santos (d2.28)","portos federais brasileiros a operar por meio de","","Wikipedia PT | Autoridade Portuária de Santos","https://pt.wikipedia.org/wiki/Autoridade_Portuária_de_Santos"
"d2.29","Autoridade Portuária de Santos (d2.29)","um sistema conhecido como Landlord Port. Com a","","Wikipedia PT | Autoridade Portuária de Santos","https://pt.wikipedia.org/wiki/Autoridade_Portuária_de_Santos"
"d2.30","Autoridade Portuária de Santos (d2.30)","instituição deste sistema, a Codesp (e consequentemente o","","Wikipedia PT | Autoridade Portuária de Santos","https://pt.wikipedia.org/wiki/Autoridade_Portuária_de_Santos"
"d2.31","Autoridade Portuária de Santos (d2.31)","Governo Federal) passou a exercer apenas a função","","Wikipedia PT | Autoridade Portuária de Santos","https://pt.wikipedia.org/wiki/Autoridade_Portuária_de_Santos"
"d2.32","Autoridade Portuária de Santos (d2.32)","administrativa do complexo portuário (conhecida como Autoridade Portuária),","","Wikipedia PT | Autoridade Portuária de Santos","https://pt.wikipedia.org/wiki/Autoridade_Portuária_de_Santos"
"d2.33","Autoridade Portuária de Santos (d2.33)","passando a operação às mãos de terminais portuários","","Wikipedia PT | Autoridade Portuária de Santos","https://pt.wikipedia.org/wiki/Autoridade_Portuária_de_Santos"
"d2.34","Autoridade Portuária de Santos (d2.34)","privados. Este conjunto de áreas, primárias (operacionais) e","","Wikipedia PT | Autoridade Portuária de Santos","https://pt.wikipedia.org/wiki/Autoridade_Portuária_de_Santos"
"d2.35","Autoridade Portuária de Santos (d2.35)","secundárias (administrativas), passa a configurar o Porto Organizado,","","Wikipedia PT | Autoridade Portuária de Santos","https://pt.wikipedia.org/wiki/Autoridade_Portuária_de_Santos"
"d2.36","Autoridade Portuária de Santos (d2.36)","área sob a jurisdição da Autoridade Portuária. Com","","Wikipedia PT | Autoridade Portuária de Santos","https://pt.wikipedia.org/wiki/Autoridade_Portuária_de_Santos"
"d2.37","Autoridade Portuária de Santos (d2.37)","a instituição da lei, a mão de obra","","Wikipedia PT | Autoridade Portuária de Santos","https://pt.wikipedia.org/wiki/Autoridade_Portuária_de_Santos"
"d2.38","Autoridade Portuária de Santos (d2.38)","operacional da Codesp foi transferida para o Órgão","","Wikipedia PT | Autoridade Portuária de Santos","https://pt.wikipedia.org/wiki/Autoridade_Portuária_de_Santos"
"d2.39","Autoridade Portuária de Santos (d2.39)","Gestor de Mão de Obra (Ogmo), e a","","Wikipedia PT | Autoridade Portuária de Santos","https://pt.wikipedia.org/wiki/Autoridade_Portuária_de_Santos"
"d2.40","Autoridade Portuária de Santos (d2.40)","Codesp passou a contar com um efetivo de","","Wikipedia PT | Autoridade Portuária de Santos","https://pt.wikipedia.org/wiki/Autoridade_Portuária_de_Santos"
"d2.41","Autoridade Portuária de Santos (d2.41)","aproximadamente 1.300 funcionários, distribuídos em funções administrativas, de","","Wikipedia PT | Autoridade Portuária de Santos","https://pt.wikipedia.org/wiki/Autoridade_Portuária_de_Santos"
"d2.42","Autoridade Portuária de Santos (d2.42)","fiscalização e de Guarda Portuária. A legislação foi","","Wikipedia PT | Autoridade Portuária de Santos","https://pt.wikipedia.org/wiki/Autoridade_Portuária_de_Santos"
"d2.43","Autoridade Portuária de Santos (d2.43)","atualizada quando da promulgação da Lei 12.815/2013. No","","Wikipedia PT | Autoridade Portuária de Santos","https://pt.wikipedia.org/wiki/Autoridade_Portuária_de_Santos"
"d2.44","Autoridade Portuária de Santos (d2.44)","segundo semestre de 2018, o Governo Federal realizou","","Wikipedia PT | Autoridade Portuária de Santos","https://pt.wikipedia.org/wiki/Autoridade_Portuária_de_Santos"
"d2.45","Autoridade Portuária de Santos (d2.45)","a compra das ações dos acionistas minoritários da","","Wikipedia PT | Autoridade Portuária de Santos","https://pt.wikipedia.org/wiki/Autoridade_Portuária_de_Santos"
"d2.46","Autoridade Portuária de Santos (d2.46)","Codesp. Este processo foi concluído com sucesso, uma","","Wikipedia PT | Autoridade Portuária de Santos","https://pt.wikipedia.org/wiki/Autoridade_Portuária_de_Santos"
"d2.47","Autoridade Portuária de Santos (d2.47)","vez que a Prefeitura de Santos é detentora","","Wikipedia PT | Autoridade Portuária de Santos","https://pt.wikipedia.org/wiki/Autoridade_Portuária_de_Santos"
"d2.48","Autoridade Portuária de Santos (d2.48)","de uma pequena parcela de ações da empresa,","","Wikipedia PT | Autoridade Portuária de Santos","https://pt.wikipedia.org/wiki/Autoridade_Portuária_de_Santos"
"d2.49","Autoridade Portuária de Santos (d2.49)","e a legislação atual não permite a negociação","","Wikipedia PT | Autoridade Portuária de Santos","https://pt.wikipedia.org/wiki/Autoridade_Portuária_de_Santos"
"d2.50","Autoridade Portuária de Santos (d2.50)","de ações entre diferentes esferas de governo. Em","","Wikipedia PT | Autoridade Portuária de Santos","https://pt.wikipedia.org/wiki/Autoridade_Portuária_de_Santos"
"d2.51","Autoridade Portuária de Santos (d2.51)","outubro de 2019, a companhia adotou o nome","","Wikipedia PT | Autoridade Portuária de Santos","https://pt.wikipedia.org/wiki/Autoridade_Portuária_de_Santos"
"d2.52","Autoridade Portuária de Santos (d2.52)","fantasia Santos Port Authority, alinhando-se ao padrão mundial","","Wikipedia PT | Autoridade Portuária de Santos","https://pt.wikipedia.org/wiki/Autoridade_Portuária_de_Santos"
"d2.53","Autoridade Portuária de Santos (d2.53)","de comunicação observado nos grandes portos. Desde fevereiro","","Wikipedia PT | Autoridade Portuária de Santos","https://pt.wikipedia.org/wiki/Autoridade_Portuária_de_Santos"
"d2.54","Autoridade Portuária de Santos (d2.54)","de 2023, retomou o uso do nome em","","Wikipedia PT | Autoridade Portuária de Santos","https://pt.wikipedia.org/wiki/Autoridade_Portuária_de_Santos"
"d2.55","Autoridade Portuária de Santos (d2.55)","Português, com a sigla APS, conforme a nova","","Wikipedia PT | Autoridade Portuária de Santos","https://pt.wikipedia.org/wiki/Autoridade_Portuária_de_Santos"
"d2.56","Autoridade Portuária de Santos (d2.56)","denominação social Autoridade Portuária de Santos S.A., em","","Wikipedia PT | Autoridade Portuária de Santos","https://pt.wikipedia.org/wiki/Autoridade_Portuária_de_Santos"
"d2.57","Autoridade Portuária de Santos (d2.57)","substituição a Companhia Docas do Estado de São","","Wikipedia PT | Autoridade Portuária de Santos","https://pt.wikipedia.org/wiki/Autoridade_Portuária_de_Santos"
"d2.58","Autoridade Portuária de Santos (d2.58)","Paulo (Codesp) - que foi formalizado em março","","Wikipedia PT | Autoridade Portuária de Santos","https://pt.wikipedia.org/wiki/Autoridade_Portuária_de_Santos"
"d2.59","Autoridade Portuária de Santos (d2.59)","de 2022. Em 02 de janeiro de 2025,","","Wikipedia PT | Autoridade Portuária de Santos","https://pt.wikipedia.org/wiki/Autoridade_Portuária_de_Santos"
"d2.60","Autoridade Portuária de Santos (d2.60)","a Autoridade Portuária de Santos assumiu a administração","","Wikipedia PT | Autoridade Portuária de Santos","https://pt.wikipedia.org/wiki/Autoridade_Portuária_de_Santos"
"d2.61","Autoridade Portuária de Santos (d2.61)","do Porto de Itajaí, após decisão do Ministério","","Wikipedia PT | Autoridade Portuária de Santos","https://pt.wikipedia.org/wiki/Autoridade_Portuária_de_Santos"
"d2.62","Autoridade Portuária de Santos (d2.62)","de Portos e Aeroportos pela federalização do porto.","","Wikipedia PT | Autoridade Portuária de Santos","https://pt.wikipedia.org/wiki/Autoridade_Portuária_de_Santos"
"d2.63","Autoridade Portuária de Santos (d2.63)","A Autoridade Portuária tem a responsabilidade de prover","","Wikipedia PT | Autoridade Portuária de Santos","https://pt.wikipedia.org/wiki/Autoridade_Portuária_de_Santos"
"d2.64","Autoridade Portuária de Santos (d2.64)","infraestrutura de acesso terrestre e marítimo, serviços e","","Wikipedia PT | Autoridade Portuária de Santos","https://pt.wikipedia.org/wiki/Autoridade_Portuária_de_Santos"
"d2.65","Autoridade Portuária de Santos (d2.65)","outras garantias contratuais firmadas com seus arrendatários, e","","Wikipedia PT | Autoridade Portuária de Santos","https://pt.wikipedia.org/wiki/Autoridade_Portuária_de_Santos"
"d2.66","Autoridade Portuária de Santos (d2.66)","cobra tarifas e taxas de seus arrendatários pela","","Wikipedia PT | Autoridade Portuária de Santos","https://pt.wikipedia.org/wiki/Autoridade_Portuária_de_Santos"
"d2.67","Autoridade Portuária de Santos (d2.67)","utilização dessa estrutura. Da mesma forma, é de","","Wikipedia PT | Autoridade Portuária de Santos","https://pt.wikipedia.org/wiki/Autoridade_Portuária_de_Santos"
"d2.68","Autoridade Portuária de Santos (d2.68)","sua alçada a fiscalização das operações, do cumprimento","","Wikipedia PT | Autoridade Portuária de Santos","https://pt.wikipedia.org/wiki/Autoridade_Portuária_de_Santos"
"d2.69","Autoridade Portuária de Santos (d2.69)","das condições contratuais e das normas ambientais e","","Wikipedia PT | Autoridade Portuária de Santos","https://pt.wikipedia.org/wiki/Autoridade_Portuária_de_Santos"
"d2.70","Autoridade Portuária de Santos (d2.70)","de segurança do trabalho por parte dos arrendatários.","","Wikipedia PT | Autoridade Portuária de Santos","https://pt.wikipedia.org/wiki/Autoridade_Portuária_de_Santos"
"d2.71","Autoridade Portuária de Santos (d2.71)","Por sua posição como administradora, também assume funções","","Wikipedia PT | Autoridade Portuária de Santos","https://pt.wikipedia.org/wiki/Autoridade_Portuária_de_Santos"
"d2.72","Autoridade Portuária de Santos (d2.72)","de coordenação na organização de esforços cooperativos entre","","Wikipedia PT | Autoridade Portuária de Santos","https://pt.wikipedia.org/wiki/Autoridade_Portuária_de_Santos"
"d2.73","Autoridade Portuária de Santos (d2.73)","as diversas empresas e órgãos intervenientes do Complexo","","Wikipedia PT | Autoridade Portuária de Santos","https://pt.wikipedia.org/wiki/Autoridade_Portuária_de_Santos"
"d2.74","Autoridade Portuária de Santos (d2.74)","Portuário, como é o caso do Plano de","","Wikipedia PT | Autoridade Portuária de Santos","https://pt.wikipedia.org/wiki/Autoridade_Portuária_de_Santos"
"d2.75","Autoridade Portuária de Santos (d2.75)","Ajuda Mútua (PAM), que coordena esforços na prevenção","","Wikipedia PT | Autoridade Portuária de Santos","https://pt.wikipedia.org/wiki/Autoridade_Portuária_de_Santos"
"d2.76","Autoridade Portuária de Santos (d2.76)","e atuação contra acidentes. De acordo com suas","","Wikipedia PT | Autoridade Portuária de Santos","https://pt.wikipedia.org/wiki/Autoridade_Portuária_de_Santos"
"d2.77","Autoridade Portuária de Santos (d2.77)","atribuições de prover infraestrutura de acesso terrestre e","","Wikipedia PT | Autoridade Portuária de Santos","https://pt.wikipedia.org/wiki/Autoridade_Portuária_de_Santos"
"d2.78","Autoridade Portuária de Santos (d2.78)","aquaviária, a Autoridade Portuária mantém e investe nas","","Wikipedia PT | Autoridade Portuária de Santos","https://pt.wikipedia.org/wiki/Autoridade_Portuária_de_Santos"
"d2.79","Autoridade Portuária de Santos (d2.79)","infraestruturas relativas a estes acessos. O complexo portuário","","Wikipedia PT | Autoridade Portuária de Santos","https://pt.wikipedia.org/wiki/Autoridade_Portuária_de_Santos"
"d2.80","Autoridade Portuária de Santos (d2.80)","possui, aproximadamente, 100 quilômetros de malha ferroviária interna","","Wikipedia PT | Autoridade Portuária de Santos","https://pt.wikipedia.org/wiki/Autoridade_Portuária_de_Santos"
"d2.81","Autoridade Portuária de Santos (d2.81)","(dentro do Porto Organizado), operada desde outubro de","","Wikipedia PT | Autoridade Portuária de Santos","https://pt.wikipedia.org/wiki/Autoridade_Portuária_de_Santos"
"d2.82","Autoridade Portuária de Santos (d2.82)","2023 pela Associação Gestora da Ferrovia Interna do","","Wikipedia PT | Autoridade Portuária de Santos","https://pt.wikipedia.org/wiki/Autoridade_Portuária_de_Santos"
"d2.83","Autoridade Portuária de Santos (d2.83)","Porto de Santos (Fips), após rescisão do contrato","","Wikipedia PT | Autoridade Portuária de Santos","https://pt.wikipedia.org/wiki/Autoridade_Portuária_de_Santos"
"d2.84","Autoridade Portuária de Santos (d2.84)","com a Portofer Transportes Ferroviários. A Autoridade Portuária","","Wikipedia PT | Autoridade Portuária de Santos","https://pt.wikipedia.org/wiki/Autoridade_Portuária_de_Santos"
"d2.85","Autoridade Portuária de Santos (d2.85)","também é responsável pelo sistema conhecido como avenidas","","Wikipedia PT | Autoridade Portuária de Santos","https://pt.wikipedia.org/wiki/Autoridade_Portuária_de_Santos"
"d2.86","Autoridade Portuária de Santos (d2.86)","perimetrais, que busca garantir a qualidade dos acessos","","Wikipedia PT | Autoridade Portuária de Santos","https://pt.wikipedia.org/wiki/Autoridade_Portuária_de_Santos"
"d2.87","Autoridade Portuária de Santos (d2.87)","rodoviários, evitar conflitos com o fluxo urbano e","","Wikipedia PT | Autoridade Portuária de Santos","https://pt.wikipedia.org/wiki/Autoridade_Portuária_de_Santos"
"d2.88","Autoridade Portuária de Santos (d2.88)","evitar entroncamentos rodoferroviários. Da mesma forma, realiza também","","Wikipedia PT | Autoridade Portuária de Santos","https://pt.wikipedia.org/wiki/Autoridade_Portuária_de_Santos"
"d2.89","Autoridade Portuária de Santos (d2.89)","os serviços de dragagem de aprofundamento e manutenção,","","Wikipedia PT | Autoridade Portuária de Santos","https://pt.wikipedia.org/wiki/Autoridade_Portuária_de_Santos"
"d2.90","Autoridade Portuária de Santos (d2.90)","de forma a permitir o acesso de navios","","Wikipedia PT | Autoridade Portuária de Santos","https://pt.wikipedia.org/wiki/Autoridade_Portuária_de_Santos"
"d2.91","Autoridade Portuária de Santos (d2.91)","com o calado operacional necessário. Os arrendamentos são","","Wikipedia PT | Autoridade Portuária de Santos","https://pt.wikipedia.org/wiki/Autoridade_Portuária_de_Santos"
"d2.92","Autoridade Portuária de Santos (d2.92)","viabilizados por meio de licitações públicas, e ao","","Wikipedia PT | Autoridade Portuária de Santos","https://pt.wikipedia.org/wiki/Autoridade_Portuária_de_Santos"
"d2.93","Autoridade Portuária de Santos (d2.93)","término dos contratos, os bens vinculados aos espaços","","Wikipedia PT | Autoridade Portuária de Santos","https://pt.wikipedia.org/wiki/Autoridade_Portuária_de_Santos"
"d2.94","Autoridade Portuária de Santos (d2.94)","arrendados revertem ao patrimônio da União. Em contrapartida,","","Wikipedia PT | Autoridade Portuária de Santos","https://pt.wikipedia.org/wiki/Autoridade_Portuária_de_Santos"
"d2.95","Autoridade Portuária de Santos (d2.95)","a empresa cobra taxas e tarifas pelos serviços","","Wikipedia PT | Autoridade Portuária de Santos","https://pt.wikipedia.org/wiki/Autoridade_Portuária_de_Santos"
"d2.96","Autoridade Portuária de Santos (d2.96)","ou vantagens auferidos de sua atuação. Diversas atividades","","Wikipedia PT | Autoridade Portuária de Santos","https://pt.wikipedia.org/wiki/Autoridade_Portuária_de_Santos"
"d2.97","Autoridade Portuária de Santos (d2.97)","de monitoramento e interferência ambiental são necessárias em","","Wikipedia PT | Autoridade Portuária de Santos","https://pt.wikipedia.org/wiki/Autoridade_Portuária_de_Santos"
"d2.98","Autoridade Portuária de Santos (d2.98)","função da atividade portuária, para minimizar riscos e","","Wikipedia PT | Autoridade Portuária de Santos","https://pt.wikipedia.org/wiki/Autoridade_Portuária_de_Santos"
"d2.99","Autoridade Portuária de Santos (d2.99)","mitigar impactos. A Codesp possui uma superintendência e","","Wikipedia PT | Autoridade Portuária de Santos","https://pt.wikipedia.org/wiki/Autoridade_Portuária_de_Santos"
"d2.100","Autoridade Portuária de Santos (d2.100)","três gerências responsáveis pela execução de programas ambientais","","Wikipedia PT | Autoridade Portuária de Santos","https://pt.wikipedia.org/wiki/Autoridade_Portuária_de_Santos"
"d2.101","Autoridade Portuária de Santos (d2.101)","e de segurança do trabalho. Em face das","","Wikipedia PT | Autoridade Portuária de Santos","https://pt.wikipedia.org/wiki/Autoridade_Portuária_de_Santos"
"d2.102","Autoridade Portuária de Santos (d2.102)","diversas interações e da dinâmica específica que a","","Wikipedia PT | Autoridade Portuária de Santos","https://pt.wikipedia.org/wiki/Autoridade_Portuária_de_Santos"
"d2.103","Autoridade Portuária de Santos (d2.103)","atividade portuária tem com seu entorno, a Autoridade","","Wikipedia PT | Autoridade Portuária de Santos","https://pt.wikipedia.org/wiki/Autoridade_Portuária_de_Santos"
"d2.104","Autoridade Portuária de Santos (d2.104)","Portuária de Santos realiza atividades voltadas para a","","Wikipedia PT | Autoridade Portuária de Santos","https://pt.wikipedia.org/wiki/Autoridade_Portuária_de_Santos"
"d2.105","Autoridade Portuária de Santos (d2.105)","melhoria da relação entre o porto e as","","Wikipedia PT | Autoridade Portuária de Santos","https://pt.wikipedia.org/wiki/Autoridade_Portuária_de_Santos"
"d2.106","Autoridade Portuária de Santos (d2.106)","populações de seus municípios circunvizinhos. Dentre as atividades","","Wikipedia PT | Autoridade Portuária de Santos","https://pt.wikipedia.org/wiki/Autoridade_Portuária_de_Santos"
"d2.107","Autoridade Portuária de Santos (d2.107)","regulares, encontram-se: Atendimento periódico a visitas de entidades","","Wikipedia PT | Autoridade Portuária de Santos","https://pt.wikipedia.org/wiki/Autoridade_Portuária_de_Santos"
"d2.108","Autoridade Portuária de Santos (d2.108)","de ensino técnico e superior, nacionais e internacionais;","","Wikipedia PT | Autoridade Portuária de Santos","https://pt.wikipedia.org/wiki/Autoridade_Portuária_de_Santos"
"d2.109","Autoridade Portuária de Santos (d2.109)","Manutenção de um programa de patrocínio a projetos","","Wikipedia PT | Autoridade Portuária de Santos","https://pt.wikipedia.org/wiki/Autoridade_Portuária_de_Santos"
"d2.110","Autoridade Portuária de Santos (d2.110)","e iniciativas da sociedade civil; Manutenção de um","","Wikipedia PT | Autoridade Portuária de Santos","https://pt.wikipedia.org/wiki/Autoridade_Portuária_de_Santos"
"d2.111","Autoridade Portuária de Santos (d2.111)","Complexo Cultural (Museu do Porto, Pinacoteca e Hemeroteca).","","Wikipedia PT | Autoridade Portuária de Santos","https://pt.wikipedia.org/wiki/Autoridade_Portuária_de_Santos"
"d3.1","Francisco de Paula Ribeiro (d3.1)","Francisco de Paula Ribeiro (Pelotas, 22 de janeiro de","","Wikipedia PT | Francisco de Paula Ribeiro","https://pt.wikipedia.org/wiki/Francisco_de_Paula_Ribeiro"
"d3.2","Francisco de Paula Ribeiro (d3.2)","1851 — São Paulo, 13 de julho de 1915)","","Wikipedia PT | Francisco de Paula Ribeiro","https://pt.wikipedia.org/wiki/Francisco_de_Paula_Ribeiro"
"d3.3","Francisco de Paula Ribeiro (d3.3)","foi um engenheiro brasileiro. Foi o idealizador do Porto","","Wikipedia PT | Francisco de Paula Ribeiro","https://pt.wikipedia.org/wiki/Francisco_de_Paula_Ribeiro"
"d3.4","Francisco de Paula Ribeiro (d3.4)","de Santos e o superintendente da Companhia Docas de","","Wikipedia PT | Francisco de Paula Ribeiro","https://pt.wikipedia.org/wiki/Francisco_de_Paula_Ribeiro"
"d3.5","Francisco de Paula Ribeiro (d3.5)","Santos entre os anos de 1890 a 1903. Foi","","Wikipedia PT | Francisco de Paula Ribeiro","https://pt.wikipedia.org/wiki/Francisco_de_Paula_Ribeiro"
"d3.6","Francisco de Paula Ribeiro (d3.6)","também diretor e presidente da Associação Comercial de","","Wikipedia PT | Francisco de Paula Ribeiro","https://pt.wikipedia.org/wiki/Francisco_de_Paula_Ribeiro"
"d3.7","Francisco de Paula Ribeiro (d3.7)","Santos, além de vereador durante os anos de","","Wikipedia PT | Francisco de Paula Ribeiro","https://pt.wikipedia.org/wiki/Francisco_de_Paula_Ribeiro"
"d3.8","Francisco de Paula Ribeiro (d3.8)","1883 a 1886. Filho de Francisco Luiz Ribeiro,","","Wikipedia PT | Francisco de Paula Ribeiro","https://pt.wikipedia.org/wiki/Francisco_de_Paula_Ribeiro"
"d3.9","Francisco de Paula Ribeiro (d3.9)","português, e de Virgínia Cândida Vizeu, casou-se no","","Wikipedia PT | Francisco de Paula Ribeiro","https://pt.wikipedia.org/wiki/Francisco_de_Paula_Ribeiro"
"d3.10","Francisco de Paula Ribeiro (d3.10)","dia 15 de maio de 1880 com Maria","","Wikipedia PT | Francisco de Paula Ribeiro","https://pt.wikipedia.org/wiki/Francisco_de_Paula_Ribeiro"
"d3.11","Francisco de Paula Ribeiro (d3.11)","Isabel Coutinho da Silva. Como resultado desta união","","Wikipedia PT | Francisco de Paula Ribeiro","https://pt.wikipedia.org/wiki/Francisco_de_Paula_Ribeiro"
"d3.12","Francisco de Paula Ribeiro (d3.12)","tiveram 22 filhos, dentre eles Abraão Ribeiro, que","","Wikipedia PT | Francisco de Paula Ribeiro","https://pt.wikipedia.org/wiki/Francisco_de_Paula_Ribeiro"
"d3.13","Francisco de Paula Ribeiro (d3.13)","viria a ser prefeito de São Paulo, e","","Wikipedia PT | Francisco de Paula Ribeiro","https://pt.wikipedia.org/wiki/Francisco_de_Paula_Ribeiro"
"d3.14","Francisco de Paula Ribeiro (d3.14)","Evangelina Ribeiro, que viria a se casar com","","Wikipedia PT | Francisco de Paula Ribeiro","https://pt.wikipedia.org/wiki/Francisco_de_Paula_Ribeiro"
"d3.15","Francisco de Paula Ribeiro (d3.15)","o engenheiro Brenno Tavares, filho de Mário Tavares.","","Wikipedia PT | Francisco de Paula Ribeiro","https://pt.wikipedia.org/wiki/Francisco_de_Paula_Ribeiro"
