consulta,texto_consulta,necessidade,escopo
q01,importância econômica porto de santos,"A frase fala da importância econômica do Porto de Santos?","Só ranking mundial, sem Brasil/SP → 1 ou 0."
q02,quem administra porto santos autoridade,"A frase diz quem administra o porto hoje (APS/autoridade)?","Só terminal privado, sem autoridade → 0."
q03,codesp landlord port autoridade portuária,"A frase trata da mudança Codesp → APS / Landlord Port?","Só nome fantasia SPA, sem processo → 1 ou 0."
q04,francisco de paula ribeiro porto santos,"A frase fala de Francisco de Paula Ribeiro e o porto?","Só família, sem o porto → 0."
q05,incêndio porto de santos açúcar ultracargo,"A frase cita um incêndio concreto no porto (ex.: açúcar/Ultracargo)?","Risco genérico, sem episódio → 1 ou 0."
q06,acesso ferroviário rodoviário porto santos,"A frase fala de acesso terrestre (rodovia/ferrovia/dutos)?","Só navegação/calado → 0."
q07,dragagem calado estuário santos,"A frase liga dragagem e calado no estuário de Santos?","Outro porto, ou profundidade sem operação → 0."
q08,companhia docas de santos concessão,"A frase fala da concessão CDS / Gaffrée-Guinle?","Só APS moderna, sem concessão antiga → 0."
q09,tipos de carga movimentação porto santos,"A frase cita tipos de carga movimentados em Santos?","Só 'maior porto', sem carga → 1 ou 0."
q10,lei 8630 landlord port santos,"A frase menciona a Lei 8.630/93 ou arrendamento/Landlord?","Outra lei, ou só biografia → 0."
q11,autoridade portuária santos museu meio ambiente,"A frase mostra ação ambiental/cultural da autoridade?","Só tarifa/arrendamento → 1 ou 0."
q12,usina itatinga paquetá outeirinhos porto,"A frase cita Itatinga ou Paquetá-Outeirinhos ligados ao porto?","Outra usina, sem o porto → 0."
q13,o que é porto organizado santos,"A frase define Porto Organizado / jurisdição da autoridade?","'Porto' genérico, sem o conceito → 0."
q14,porto da morte santos epidemias saneamento,"A frase fala do 'Porto da Morte' / epidemias / saneamento?","Incêndio moderno no lugar disso → 0."
q15,localização porto de santos guarujá cubatão,"A frase localiza o porto (Santos/Guarujá/Cubatão/estuário)?","Só distância até SP → 1 ou 0."
