"consulta","documento"
"q01","d1.1"
"q01","d1.10"
"q01","d1.11"
"q01","d1.12"
"q01","d1.2"
"q01","d1.3"
"q01","d1.4"
"q01","d1.5"
"q01","d1.6"
"q01","d1.7"
"q01","d1.8"
"q01","d1.9"
"q01","d2.1"
"q01","d2.2"
"q01","d2.3"
"q01","d2.4"
"q01","d2.5"
"q01","d3.1"
"q02","d1.1"
"q02","d1.10"
"q02","d1.11"
"q02","d1.12"
"q02","d1.2"
"q02","d1.3"
"q02","d1.4"
"q02","d1.5"
"q02","d1.6"
"q02","d1.7"
"q02","d1.8"
"q02","d1.9"
"q02","d2.1"
"q02","d2.2"
"q02","d2.3"
"q02","d2.4"
"q02","d2.5"
"q02","d3.1"
"q03","d1.1"
"q03","d1.10"
"q03","d1.11"
"q03","d1.12"
"q03","d1.2"
"q03","d1.3"
"q03","d1.4"
"q03","d1.5"
"q03","d1.6"
"q03","d1.7"
"q03","d1.8"
"q03","d1.9"
"q03","d2.1"
"q03","d2.2"
"q03","d2.3"
"q03","d2.4"
"q03","d2.5"
"q03","d3.1"
"q04","d1.1"
"q04","d1.10"
"q04","d1.11"
"q04","d1.12"
"q04","d1.2"
"q04","d1.3"
"q04","d1.4"
"q04","d1.5"
"q04","d1.6"
"q04","d1.7"
"q04","d1.8"
"q04","d1.9"
"q04","d2.1"
"q04","d2.2"
"q04","d2.3"
"q04","d2.4"
"q04","d2.5"
"q04","d3.1"
"q05","d1.1"
"q05","d1.10"
"q05","d1.11"
"q05","d1.12"
"q05","d1.2"
"q05","d1.3"
"q05","d1.4"
"q05","d1.5"
"q05","d1.6"
"q05","d1.7"
"q05","d1.8"
"q05","d1.9"
"q05","d2.1"
"q05","d2.2"
"q05","d2.3"
"q05","d2.4"
"q05","d2.5"
"q05","d3.1"
"q06","d1.1"
"q06","d1.10"
"q06","d1.11"
"q06","d1.12"
"q06","d1.2"
"q06","d1.3"
"q06","d1.4"
"q06","d1.5"
"q06","d1.6"
"q06","d1.7"
"q06","d1.8"
"q06","d1.9"
"q06","d2.1"
"q06","d2.2"
"q06","d2.3"
"q06","d2.4"
"q06","d2.5"
"q06","d3.1"
"q07","d1.1"
"q07","d1.10"
"q07","d1.11"
"q07","d1.12"
"q07","d1.2"
"q07","d1.3"
"q07","d1.4"
"q07","d1.5"
"q07","d1.6"
"q07","d1.7"
"q07","d1.8"
"q07","d1.9"
"q07","d2.1"
"q07","d2.2"
"q07","d2.3"
"q07","d2.4"
"q07","d2.5"
"q07","d3.1"
"q08","d1.1"
"q08","d1.10"
"q08","d1.11"
"q08","d1.12"
"q08","d1.2"
"q08","d1.3"
"q08","d1.4"
"q08","d1.5"
"q08","d1.6"
"q08","d1.7"
"q08","d1.8"
"q08","d1.9"
"q08","d2.1"
"q08","d2.2"
"q08","d2.3"
"q08","d2.4"
"q08","d2.5"
"q08","d3.1"
"q09","d1.1"
"q09","d1.10"
"q09","d1.11"
"q09","d1.12"
"q09","d1.2"
"q09","d1.3"
"q09","d1.4"
"q09","d1.5"
"q09","d1.6"
"q09","d1.7"
"q09","d1.8"
"q09","d1.9"
"q09","d2.1"
"q09","d2.2"
"q09","d2.3"
"q09","d2.4"
"q09","d2.5"
"q09","d3.1"
"q10","d1.1"
"q10","d1.10"
"q10","d1.11"
"q10","d1.12"
"q10","d1.2"
"q10","d1.3"
"q10","d1.4"
"q10","d1.5"
"q10","d1.6"
"q10","d1.7"
"q10","d1.8"
"q10","d1.9"
"q10","d2.1"
"q10","d2.2"
"q10","d2.3"
"q10","d2.4"
"q10","d2.5"
"q10","d3.1"
"q11","d1.1"
"q11","d1.10"
"q11","d1.11"
"q11","d1.12"
"q11","d1.2"
"q11","d1.3"
"q11","d1.4"
"q11","d1.5"
"q11","d1.6"
"q11","d1.7"
"q11","d1.8"
"q11","d1.9"
"q11","d2.1"
"q11","d2.2"
"q11","d2.3"
"q11","d2.4"
"q11","d2.5"
"q11","d3.1"
"q12","d1.1"
"q12","d1.10"
"q12","d1.11"
"q12","d1.12"
"q12","d1.2"
"q12","d1.3"
"q12","d1.4"
"q12","d1.5"
"q12","d1.6"
"q12","d1.7"
"q12","d1.8"
"q12","d1.9"
"q12","d2.1"
"q12","d2.2"
"q12","d2.3"
"q12","d2.4"
"q12","d2.5"
"q12","d3.1"
"q13","d1.1"
"q13","d1.10"
"q13","d1.11"
"q13","d1.12"
"q13","d1.2"
"q13","d1.3"
"q13","d1.4"
"q13","d1.5"
"q13","d1.6"
"q13","d1.7"
"q13","d1.8"
"q13","d1.9"
"q13","d2.1"
"q13","d2.2"
"q13","d2.3"
"q13","d2.4"
"q13","d2.5"
"q13","d3.1"
"q14","d1.1"
"q14","d1.10"
"q14","d1.11"
"q14","d1.12"
"q14","d1.2"
"q14","d1.3"
"q14","d1.4"
"q14","d1.5"
"q14","d1.6"
"q14","d1.7"
"q14","d1.8"
"q14","d1.9"
"q14","d2.1"
"q14","d2.2"
"q14","d2.3"
"q14","d2.4"
"q14","d2.5"
"q14","d3.1"
"q15","d1.1"
"q15","d1.10"
"q15","d1.11"
"q15","d1.12"
"q15","d1.2"
"q15","d1.3"
"q15","d1.4"
"q15","d1.5"
"q15","d1.6"
"q15","d1.7"
"q15","d1.8"
"q15","d1.9"
"q15","d2.1"
"q15","d2.2"
"q15","d2.3"
"q15","d2.4"
"q15","d2.5"
"q15","d3.1"
