"consulta","documento","grau","juiz","timestamp","segundos"
"q01","d1.6","1","adriane","2026-09-18T13:30:31.885Z","10"
"q02","d1.24","0","adriane","2026-09-18T13:29:59.057Z","1"
"q02","d1.34","0","adriane","2026-09-18T13:29:41.514Z","1"
"q02","d2.11","0","adriane","2026-09-18T13:30:02.147Z","1"
"q02","d2.4","0","adriane","2026-09-18T13:28:31.485Z","4"
"q03","d1.20","0","adriane","2026-09-18T13:30:22.119Z","4"
"q03","d1.33","1","adriane","2026-09-18T13:30:17.882Z","1"
"q03","d1.34","1","adriane","2026-09-18T13:30:14.852Z","1"
"q03","d1.37","1","adriane","2026-09-18T13:30:17.162Z","1"
"q03","d1.40","1","adriane","2026-09-18T13:30:13.060Z","7"
"q03","d1.41","1","adriane","2026-09-18T13:28:27.511Z","31"
"q03","d1.43","1","adriane","2026-09-18T13:30:54.272Z","2"
"q03","d1.49","0","adriane","2026-09-18T13:28:52.359Z","21"
"q03","d3.5","1","adriane","2026-09-18T13:31:05.553Z","4"
"q04","d1.11","0","adriane","2026-09-18T13:28:57.279Z","5"
"q04","d1.19","0","adriane","2026-09-18T13:30:00.294Z","1"
"q04","d2.13","1","adriane","2026-09-18T13:29:22.577Z","11"
"q04","d2.28","0","adriane","2026-09-18T13:29:36.054Z","1"
"q04","d2.8","0","adriane","2026-09-18T13:29:02.147Z","1"
"q04","d3.1","0","adriane","2026-09-18T13:29:39.376Z","1"
"q05","d1.45","1","adriane","2026-09-18T13:30:52.563Z","5"
"q05","d1.47","1","adriane","2026-09-18T13:29:57.834Z","1"
"q05","d1.50","1","adriane","2026-09-18T13:29:00.819Z","2"
"q05","d2.18","1","adriane","2026-09-18T13:30:16.114Z","1"
"q06","d1.57","0","adriane","2026-09-18T13:30:47.185Z","1"
"q06","d1.68","0","adriane","2026-09-18T13:30:00.955Z","1"
"q07","d1.47","0","adriane","2026-09-18T13:29:35.041Z","1"
"q07","d1.60","0","adriane","2026-09-18T13:30:03.707Z","1"
"q07","d1.63","0","adriane","2026-09-18T13:29:43.990Z","1"
"q07","d3.4","0","adriane","2026-09-18T13:29:43.074Z","1"
"q08","d1.13","0","adriane","2026-09-18T13:30:03.024Z","1"
"q08","d1.17","0","adriane","2026-09-18T13:29:03.248Z","1"
"q08","d1.57","0","adriane","2026-09-18T13:30:04.510Z","1"
"q08","d1.60","0","adriane","2026-09-18T13:29:40.081Z","1"
"q08","d1.83","0","adriane","2026-09-18T13:29:49.801Z","1"
"q09","d1.59","1","adriane","2026-09-18T13:30:46.180Z","7"
"q09","d1.64","1","adriane","2026-09-18T13:29:56.372Z","2"
"q09","d1.7","0","adriane","2026-09-18T13:31:13.360Z","8"
"q10","d1.13","0","adriane","2026-09-18T13:30:39.250Z","7"
"q10","d2.15","0","adriane","2026-09-18T13:29:51.009Z","1"
"q10","d2.3","0","adriane","2026-09-18T13:29:42.129Z","1"
"q11","d1.17","1","adriane","2026-09-18T13:29:29.905Z","7"
"q11","d1.75","1","adriane","2026-09-18T13:29:52.793Z","1"
"q11","d2.28","1","adriane","2026-09-18T13:29:37.126Z","1"
"q11","d2.8","1","adriane","2026-09-18T13:30:06.355Z","2"
"q12","d1.25","0","adriane","2026-09-18T13:29:48.721Z","2"
"q12","d1.26","0","adriane","2026-09-18T13:29:32.843Z","3"
"q12","d1.28","0","adriane","2026-09-18T13:29:53.627Z","1"
"q12","d2.6","0","adriane","2026-09-18T13:29:33.705Z","1"
"q13","d1.40","0","adriane","2026-09-18T13:30:48.040Z","1"
"q13","d2.28","0","adriane","2026-09-18T13:29:59.695Z","1"
"q13","d2.9","0","adriane","2026-09-18T13:29:51.690Z","1"
"q13","d3.2","0","adriane","2026-09-18T13:29:40.688Z","1"
"q14","d1.14","0","adriane","2026-09-18T13:30:13.809Z","1"
"q14","d1.32","0","adriane","2026-09-18T13:29:54.437Z","1"
"q14","d1.58","0","adriane","2026-09-18T13:28:58.734Z","1"
"q15","d1.31","1","adriane","2026-09-18T13:29:11.679Z","8"
"q15","d1.82","1","adriane","2026-09-18T13:29:38.124Z","1"
"q15","d1.88","0","adriane","2026-09-18T13:31:01.736Z","7"
"q15","d2.2","1","adriane","2026-09-18T13:29:46.998Z","3"
"q01","d1.12","1","danilo","2026-09-18T13:25:07.101Z","5"
"q01","d1.4","0","danilo","2026-09-18T13:24:43.881Z","1"
"q01","d1.5","2","danilo","2026-09-18T13:20:42.499Z","9"
"q01","d1.60","0","danilo","2026-09-18T13:22:03.238Z","12"
"q01","d1.76","1","danilo","2026-09-18T13:25:34.807Z","1"
"q01","d1.8","1","danilo","2026-09-18T13:22:56.098Z","22"
"q01","d3.1","0","danilo","2026-09-18T13:17:53.026Z","15"
"q02","d1.13","0","danilo","2026-09-18T13:23:14.961Z","1"
"q02","d1.17","0","danilo","2026-09-18T13:25:08.272Z","1"
"q02","d1.28","0","danilo","2026-09-18T13:24:10.348Z","1"
"q02","d1.34","1","danilo","2026-09-18T13:21:22.617Z","23"
"q02","d1.46","0","danilo","2026-09-18T13:18:38.320Z","7"
"q02","d2.4","0","danilo","2026-09-18T13:24:09.195Z","1"
"q02","d2.8","0","danilo","2026-09-18T13:23:53.503Z","1"
"q02","d3.3","0","danilo","2026-09-18T13:24:04.303Z","1"
"q03","d1.49","0","danilo","2026-09-18T13:24:42.141Z","3"
"q04","d1.11","0","danilo","2026-09-18T13:23:17.967Z","2"
"q04","d3.4","0","danilo","2026-09-18T13:25:35.954Z","1"
"q06","d1.18","0","danilo","2026-09-18T13:19:05.095Z","14"
"q06","d1.36","2","danilo","2026-09-18T13:18:04.788Z","12"
"q06","d1.58","0","danilo","2026-09-18T13:18:44.592Z","6"
"q06","d1.67","2","danilo","2026-09-18T13:20:59.817Z","17"
"q06","d1.73","2","danilo","2026-09-18T13:18:51.123Z","7"
"q06","d2.27","0","danilo","2026-09-18T13:24:31.070Z","1"
"q07","d1.42","0","danilo","2026-09-18T13:24:38.910Z","6"
"q07","d1.49","1","danilo","2026-09-18T13:19:15.236Z","10"
"q07","d2.26","1","danilo","2026-09-18T13:18:24.423Z","20"
"q08","d1.12","0","danilo","2026-09-18T13:23:16.326Z","1"
"q08","d1.13","0","danilo","2026-09-18T13:24:52.507Z","1"
"q08","d1.47","0","danilo","2026-09-18T13:24:31.708Z","1"
"q09","d1.3","1","danilo","2026-09-18T13:23:44.557Z","26"
"q09","d1.8","1","danilo","2026-09-18T13:23:12.216Z","16"
"q09","d1.9","2","danilo","2026-09-18T13:20:33.417Z","18"
"q09","d2.16","1","danilo","2026-09-18T13:25:33.855Z","25"
"q10","d1.13","0","danilo","2026-09-18T13:24:32.855Z","1"
"q10","d1.34","0","danilo","2026-09-18T13:23:51.689Z","1"
"q10","d1.38","0","danilo","2026-09-18T13:22:15.508Z","12"
"q10","d2.15","0","danilo","2026-09-18T13:25:01.919Z","1"
"q10","d2.24","0","danilo","2026-09-18T13:23:19.033Z","1"
"q10","d2.7","2","danilo","2026-09-18T13:19:28.676Z","6"
"q11","d1.37","1","danilo","2026-09-18T13:23:50.743Z","6"
"q11","d1.55","0","danilo","2026-09-18T13:24:28.964Z","19"
"q11","d1.66","1","danilo","2026-09-18T13:24:07.829Z","4"
"q11","d2.26","0","danilo","2026-09-18T13:22:33.965Z","18"
"q11","d2.28","0","danilo","2026-09-18T13:20:15.409Z","13"
"q12","d1.29","0","danilo","2026-09-18T13:24:42.929Z","1"
"q12","d1.4","0","danilo","2026-09-18T13:18:31.346Z","7"
"q13","d1.27","0","danilo","2026-09-18T13:24:03.779Z","1"
"q13","d1.36","0","danilo","2026-09-18T13:24:30.517Z","2"
"q13","d1.72","0","danilo","2026-09-18T13:23:52.971Z","1"
"q13","d2.9","2","danilo","2026-09-18T13:19:44.044Z","15"
"q14","d1.12","0","danilo","2026-09-18T13:20:02.419Z","18"
"q14","d1.20","0","danilo","2026-09-18T13:23:13.963Z","2"
"q14","d1.21","0","danilo","2026-09-18T13:25:08.878Z","1"
"q14","d1.51","0","danilo","2026-09-18T13:21:50.795Z","28"
"q14","d2.29","0","danilo","2026-09-18T13:24:03.193Z","1"
"q15","d1.25","0","danilo","2026-09-18T13:24:51.403Z","8"
"q15","d1.52","0","danilo","2026-09-18T13:25:01.072Z","9"
"q15","d2.13","1","danilo","2026-09-18T13:24:02.294Z","9"
"q15","d2.2","0","danilo","2026-09-18T13:19:22.466Z","7"
"q01","d1.46","0","victoria","2026-09-18T13:10:28.566Z","11"
"q01","d1.60","0","victoria","2026-09-18T13:11:00.419Z","25"
"q01","d1.76","2","victoria","2026-09-18T13:14:20.431Z","5"
"q01","d3.1","0","victoria","2026-09-18T13:13:28.612Z","5"
"q02","d1.31","0","victoria","2026-09-18T13:14:50.761Z","5"
"q03","d1.10","0","victoria","2026-09-18T13:12:50.039Z","3"
"q03","d1.34","2","victoria","2026-09-18T13:11:35.857Z","5"
"q03","d1.35","2","victoria","2026-09-18T13:10:11.645Z","8"
"q03","d1.37","2","victoria","2026-09-18T13:12:30.157Z","9"
"q03","d1.43","0","victoria","2026-09-18T13:15:02.498Z","3"
"q03","d1.9","0","victoria","2026-09-18T13:12:34.012Z","4"
"q04","d1.23","0","victoria","2026-09-18T13:09:24.358Z","24"
"q04","d1.27","0","victoria","2026-09-18T13:11:50.960Z","6"
"q04","d1.86","0","victoria","2026-09-18T13:11:11.166Z","2"
"q04","d2.8","0","victoria","2026-09-18T13:10:17.091Z","5"
"q04","d3.1","2","victoria","2026-09-18T13:14:52.899Z","2"
"q05","d1.47","2","victoria","2026-09-18T13:15:43.854Z","4"
"q05","d1.48","2","victoria","2026-09-18T13:13:34.784Z","6"
"q05","d1.88","0","victoria","2026-09-18T13:15:22.666Z","5"
"q06","d1.28","0","victoria","2026-09-18T13:14:15.405Z","21"
"q06","d1.70","2","victoria","2026-09-18T13:13:42.696Z","8"
"q06","d1.72","2","victoria","2026-09-18T13:15:39.781Z","5"
"q07","d1.57","0","victoria","2026-09-18T13:08:35.711Z","21"
"q07","d1.65","2","victoria","2026-09-18T13:15:17.813Z","10"
"q07","d1.87","0","victoria","2026-09-18T13:11:08.863Z","8"
"q08","d1.12","0","victoria","2026-09-18T13:15:53.791Z","5"
"q08","d1.26","0","victoria","2026-09-18T13:15:48.495Z","5"
"q08","d1.46","0","victoria","2026-09-18T13:13:11.932Z","7"
"q08","d1.47","0","victoria","2026-09-18T13:11:59.429Z","5"
"q08","d1.60","0","victoria","2026-09-18T13:14:56.303Z","3"
"q09","d1.59","0","victoria","2026-09-18T13:11:15.929Z","5"
"q09","d1.6","2","victoria","2026-09-18T13:09:55.693Z","17"
"q09","d1.69","0","victoria","2026-09-18T13:08:14.816Z","25"
"q09","d2.16","0","victoria","2026-09-18T13:12:05.849Z","6"
"q09","d2.17","0","victoria","2026-09-18T13:14:26.791Z","6"
"q10","d1.21","0","victoria","2026-09-18T13:10:03.838Z","8"
"q10","d1.74","0","victoria","2026-09-18T13:07:33.866Z","18"
"q10","d1.85","2","victoria","2026-09-18T13:13:02.160Z","5"
"q10","d2.24","1","victoria","2026-09-18T13:12:46.874Z","13"
"q10","d2.7","2","victoria","2026-09-18T13:15:07.688Z","5"
"q11","d1.2","0","victoria","2026-09-18T13:09:38.900Z","15"
"q11","d1.88","2","victoria","2026-09-18T13:14:45.705Z","4"
"q11","d2.29","0","victoria","2026-09-18T13:13:23.993Z","12"
"q12","d1.30","0","victoria","2026-09-18T13:13:54.706Z","12"
"q12","d1.86","0","victoria","2026-09-18T13:09:00.613Z","13"
"q12","d2.3","0","victoria","2026-09-18T13:08:47.209Z","11"
"q13","d1.15","2","victoria","2026-09-18T13:15:25.006Z","2"
"q13","d1.27","0","victoria","2026-09-18T13:13:05.332Z","3"
"q13","d1.40","0","victoria","2026-09-18T13:12:20.684Z","15"
"q13","d1.61","0","victoria","2026-09-18T13:15:28.854Z","4"
"q13","d1.63","0","victoria","2026-09-18T13:10:34.994Z","6"
"q13","d1.66","0","victoria","2026-09-18T13:14:37.148Z","10"
"q13","d2.21","2","victoria","2026-09-18T13:12:57.427Z","7"
"q14","d1.54","1","victoria","2026-09-18T13:11:44.481Z","9"
"q14","d1.58","1","victoria","2026-09-18T13:14:41.986Z","5"
"q14","d2.9","0","victoria","2026-09-18T13:07:49.383Z","16"
"q15","d1.1","2","victoria","2026-09-18T13:11:54.688Z","4"
"q15","d1.61","2","victoria","2026-09-18T13:14:59.971Z","4"
"q15","d1.83","2","victoria","2026-09-18T13:15:34.959Z","6"
"q15","d2.13","0","victoria","2026-09-18T13:11:30.830Z","15"
