consulta,R,sistema,P_at_3,AP,MRR,nDCG_bin,nDCG_grad
q01,2,bm25,0.000000,0.078788,0.066667,0.288832,0.334359
q01,2,cosseno,0.000000,0.082043,0.058824,0.288909,0.329381
q03,3,bm25,0.333333,0.511111,1.000000,0.753759,0.689753
q03,3,cosseno,0.666667,0.638889,1.000000,0.830735,0.747877
q04,1,bm25,0.333333,1.000000,1.000000,1.000000,0.826235
q04,1,cosseno,0.333333,1.000000,1.000000,1.000000,0.825932
q05,2,bm25,0.333333,0.500000,0.500000,0.650921,0.598593
q05,2,cosseno,0.666667,0.583333,0.500000,0.693426,0.644458
q06,5,bm25,0.000000,0.104756,0.200000,0.386430,0.386430
q06,5,cosseno,0.000000,0.128174,0.250000,0.414104,0.414104
q07,1,bm25,0.000000,0.142857,0.142857,0.333333,0.310455
q07,1,cosseno,0.000000,0.200000,0.200000,0.386853,0.344643
q09,2,bm25,0.000000,0.139423,0.125000,0.354469,0.455977
q09,2,cosseno,0.000000,0.121429,0.100000,0.334179,0.550710
q10,2,bm25,0.333333,0.259615,0.500000,0.478173,0.453309
q10,2,cosseno,0.333333,0.259615,0.500000,0.478173,0.453309
q11,1,bm25,0.000000,0.008850,0.008850,0.146351,0.279849
q11,1,cosseno,0.000000,0.008850,0.008850,0.146351,0.285370
q13,3,bm25,0.333333,0.411111,0.333333,0.583342,0.583342
q13,3,cosseno,0.000000,0.337302,0.250000,0.525694,0.525694
q15,3,bm25,0.666667,0.833333,1.000000,0.932521,0.915405
q15,3,cosseno,0.666667,0.791667,1.000000,0.913402,0.876451
