"consulta","R","Dr","Dnr","AP_base","AP_prf","nDCGg_base","nDCGg_prf","AP_res_base","AP_res_rocchio","top3_base","top3_prf"
"q01",2,0,0,0.0820433436532508,0.036038961038961,0.32938109676447,0.276454103557172,0.113095238095238,0.113095238095238,"d1.7 d1.19 d2.6","d1.7 d1.19 d1.41"
"q03",3,2,0,0.638888888888889,0.590909090909091,0.747877026140192,0.711793971034164,0.142857142857143,0.25,"d1.34 d2.7 d1.35","d1.34 d2.7 d2.3"
"q04",1,1,1,1,1,0.825932234600827,0.822846316509743,NA,NA,"d3.1 d1.17 d3.4","d3.1 d1.17 d3.5"
"q05",2,2,0,0.583333333333333,0.5,0.644457966691727,0.629223570021436,NA,NA,"d1.56 d1.48 d1.47","d1.56 d1.48 d1.52"
"q06",5,1,1,0.128174474356101,0.0904571461891122,0.414103579419587,0.357419335935904,0.0961134453781513,0.254528985507246,"d1.68 d1.74 d2.22","d1.74 d2.22 d1.68"
"q07",1,1,1,0.2,0.25,0.344642580157626,0.392503773198653,NA,NA,"d1.64 d2.23 d1.75","d1.75 d2.23 d1.64"
"q09",2,0,0,0.121428571428571,0.121428571428571,0.550709622277538,0.549772700157469,0.211111111111111,0.211111111111111,"d1.3 d1.10 d1.81","d1.3 d1.10 d1.78"
"q10",2,1,3,0.259615384615385,0.416666666666667,0.453309409345202,0.613421955368262,0.0101010101010101,1,"d1.34 d2.7 d1.38","d1.34 d2.7 d2.3"
"q11",1,0,1,0.00884955752212389,0.00854700854700855,0.285370054476035,0.326064941750477,0.00925925925925926,0.00925925925925926,"d1.34 d2.7 d2.29","d1.34 d2.7 d2.3"
"q13",3,1,3,0.337301587301587,0.303571428571429,0.525694043474335,0.506574543991066,1,0.54,"d1.66 d1.22 d1.36","d1.66 d1.22 d1.72"
"q15",3,2,1,0.791666666666667,0.866666666666667,0.876451402626112,0.911858562104858,0.333333333333333,1,"d1.1 d1.61 d1.30","d1.61 d1.1 d1.52"
