"consulta","metodo","pos","frase","score"
"q_local","base",1,"d1.1",0.4134
"q_local","base",2,"d1.61",0.2286
"q_local","base",3,"d1.30",0.1624
"q_local","base",4,"d1.52",0.1394
"q_local","base",5,"d1.82",0.1211
"q_local","base",6,"d1.29",0.0712
"q_local","base",7,"d2.2",0.0692
"q_local","base",8,"d1.83",0.0688
"q_local","base",9,"d3.2",0.0492
"q_local","base",10,"d1.66",0.045
"q_local","rocchio",1,"d1.61",0.7096
"q_local","rocchio",2,"d1.1",0.655
"q_local","rocchio",3,"d1.82",0.1564
"q_local","rocchio",4,"d1.52",0.1286
"q_local","rocchio",5,"d1.83",0.0968
"q_local","rocchio",6,"d1.26",0.0936
"q_local","rocchio",7,"d2.2",0.0909
"q_local","rocchio",8,"d1.66",0.0801
"q_local","rocchio",9,"d2.5",0.075
"q_local","rocchio",10,"d1.36",0.0695
"q_local","prf",1,"d1.61",0.716
"q_local","prf",2,"d1.1",0.6525
"q_local","prf",3,"d1.52",0.2231
"q_local","prf",4,"d1.82",0.1541
"q_local","prf",5,"d1.83",0.0968
"q_local","prf",6,"d1.26",0.0965
"q_local","prf",7,"d2.2",0.0919
"q_local","prf",8,"d1.30",0.0903
"q_local","prf",9,"d1.66",0.0841
"q_local","prf",10,"d2.5",0.0832
"q_aps","base",1,"d1.36",0.2491
"q_aps","base",2,"d2.9",0.2491
"q_aps","base",3,"d2.4",0.1955
"q_aps","base",4,"d1.35",0.1825
"q_aps","base",5,"d2.8",0.1825
"q_aps","base",6,"d2.16",0.1675
"q_aps","base",7,"d1.43",0.1595
"q_aps","base",8,"d1.66",0.1488
"q_aps","base",9,"d2.2",0.1438
"q_aps","base",10,"d1.17",0.1405
"q_aps","rocchio",1,"d2.4",0.935
"q_aps","rocchio",2,"d2.2",0.1912
"q_aps","rocchio",3,"d2.1",0.165
"q_aps","rocchio",4,"d2.15",0.1469
"q_aps","rocchio",5,"d1.17",0.1189
"q_aps","rocchio",6,"d1.13",0.1098
"q_aps","rocchio",7,"d2.20",0.0987
"q_aps","rocchio",8,"d1.23",0.0931
"q_aps","rocchio",9,"d1.37",0.0871
"q_aps","rocchio",10,"d2.10",0.0871
"q_aps","prf",1,"d1.36",0.9491
"q_aps","prf",2,"d2.9",0.9491
"q_aps","prf",3,"d1.35",0.172
"q_aps","prf",4,"d2.8",0.172
"q_aps","prf",5,"d1.39",0.147
"q_aps","prf",6,"d1.61",0.118
"q_aps","prf",7,"d1.34",0.1134
"q_aps","prf",8,"d2.7",0.1134
"q_aps","prf",9,"d1.66",0.1111
"q_aps","prf",10,"d1.15",0.1109
"q_fundador","base",1,"d3.1",0.4392
"q_fundador","base",2,"d1.17",0.4084
"q_fundador","base",3,"d3.4",0.2589
"q_fundador","base",4,"d3.5",0.2174
"q_fundador","base",5,"d1.1",0.1271
"q_fundador","base",6,"d1.5",0.0824
"q_fundador","base",7,"d1.67",0.0785
"q_fundador","base",8,"d2.6",0.073
"q_fundador","base",9,"d1.82",0.0729
"q_fundador","base",10,"d1.33",0.0712
"q_fundador","rocchio",1,"d3.1",0.718
"q_fundador","rocchio",2,"d1.17",0.688
"q_fundador","rocchio",3,"d3.2",0.1378
"q_fundador","rocchio",4,"d1.1",0.1163
"q_fundador","rocchio",5,"d2.1",0.1108
"q_fundador","rocchio",6,"d2.6",0.0866
"q_fundador","rocchio",7,"d1.33",0.0845
"q_fundador","rocchio",8,"d3.4",0.0804
"q_fundador","rocchio",9,"d1.5",0.078
"q_fundador","rocchio",10,"d1.67",0.0713
"q_fundador","prf",1,"d3.1",0.73
"q_fundador","prf",2,"d1.17",0.6876
"q_fundador","prf",3,"d3.5",0.225
"q_fundador","prf",4,"d3.4",0.2111
"q_fundador","prf",5,"d3.2",0.1326
"q_fundador","prf",6,"d1.1",0.1152
"q_fundador","prf",7,"d2.1",0.1086
"q_fundador","prf",8,"d2.6",0.0852
"q_fundador","prf",9,"d1.33",0.0831
"q_fundador","prf",10,"d1.5",0.0775
