"consulta","metodo","pos","doc","score","grau"
"q.local","tfidf",1,"d1.1",11.1756,2
"q.local","tfidf",2,"d1.61",10.3214,2
"q.local","tfidf",3,"d1.66",7.697,NA
"q.local","tfidf",4,"d1.52",5.8432,0
"q.local","tfidf",5,"d1.13",5.4161,NA
"q.local","cosseno",1,"d1.1",0.4134,2
"q.local","cosseno",2,"d1.61",0.2286,2
"q.local","cosseno",3,"d1.30",0.1624,NA
"q.local","cosseno",4,"d1.52",0.1394,0
"q.local","cosseno",5,"d1.82",0.1211,1
"q.local","bm25",1,"d1.1",11.1195,2
"q.local","bm25",2,"d1.61",8.0172,2
"q.local","bm25",3,"d1.82",5.6959,1
"q.local","bm25",4,"d1.52",5.2494,0
"q.local","bm25",5,"d1.30",3.8176,NA
"q.aps","tfidf",1,"d1.66",9.9361,NA
"q.aps","tfidf",2,"d1.13",7.6552,0
"q.aps","tfidf",3,"d2.16",6.164,NA
"q.aps","tfidf",4,"d1.36",5.2679,NA
"q.aps","tfidf",5,"d2.9",5.2679,NA
"q.aps","cosseno",1,"d1.36",0.2491,NA
"q.aps","cosseno",2,"d2.9",0.2491,NA
"q.aps","cosseno",3,"d2.4",0.1955,0
"q.aps","cosseno",4,"d1.35",0.1825,NA
"q.aps","cosseno",5,"d2.8",0.1825,0
"q.aps","bm25",1,"d1.36",5.6687,NA
"q.aps","bm25",2,"d2.9",5.6687,NA
"q.aps","bm25",3,"d2.4",4.9734,0
"q.aps","bm25",4,"d2.16",4.8443,NA
"q.aps","bm25",5,"d1.13",4.0972,0
"q.fundador","tfidf",1,"d3.1",11.6013,2
"q.fundador","tfidf",2,"d1.17",9.3622,NA
"q.fundador","tfidf",3,"d3.5",9.0745,NA
"q.fundador","tfidf",4,"d3.4",7.1231,0
"q.fundador","tfidf",5,"d1.1",4.2338,NA
"q.fundador","cosseno",1,"d3.1",0.4392,2
"q.fundador","cosseno",2,"d1.17",0.4084,NA
"q.fundador","cosseno",3,"d3.4",0.2589,0
"q.fundador","cosseno",4,"d3.5",0.2174,NA
"q.fundador","cosseno",5,"d1.1",0.1271,NA
"q.fundador","bm25",1,"d3.1",10.9356,2
"q.fundador","bm25",2,"d1.17",9.6252,NA
"q.fundador","bm25",3,"d3.4",6.9369,0
"q.fundador","bm25",4,"d3.5",6.2312,NA
"q.fundador","bm25",5,"d1.1",4.1277,NA
