"consulta","metodo","ms","hits","top1","p3","rr","ndcg"
"q.local","and",1.65,0,NA,NA,NA,NA
"q.local","or",1.65,60,NA,NA,NA,NA
"q.local","tfidf",1.3,60,"d1.1",0.666666666666667,1,0.642175582348953
"q.local","cosseno",3.1,60,"d1.1",0.666666666666667,1,0.718336872013684
"q.local","bm25",1.35,60,"d1.1",0.666666666666667,1,0.740612621243899
"q.aps","and",0.85,0,NA,NA,NA,NA
"q.aps","or",1.4,69,NA,NA,NA,NA
"q.aps","tfidf",1.2,69,"d1.66",0,0,0
"q.aps","cosseno",2.8,69,"d1.36",0,0,0
"q.aps","bm25",1.3,69,"d1.36",0,0,0
"q.fundador","and",1.1,0,NA,NA,NA,NA
"q.fundador","or",1.3,52,NA,NA,NA,NA
"q.fundador","tfidf",1.2,52,"d3.1",0.333333333333333,1,0.760187533431869
"q.fundador","cosseno",3,52,"d3.1",0.333333333333333,1,0.760187533431869
"q.fundador","bm25",1.4,52,"d3.1",0.333333333333333,1,0.760187533431869
